"MoMoK_Nr","Spalte1","Bundeland","Datum","Nr_VJ_PK","Lage","Distanz MB [cm]","pk_maxdist [cm]","LfdNr","Baumart (Code)","Baumart","Hoehe [cm]","grklasse"
32020,"Postluch/Britz","BB",2022-02-15,"N","Nord",1000,500,1,104,"SER",58,0
32020,"Postluch/Britz","BB",2022-02-15,"N","Nord",1000,500,2,104,"SER",400,1
32020,"Postluch/Britz","BB",2022-02-15,"N","Nord",1000,500,3,121,"VBE",129,0
32020,"Postluch/Britz","BB",2022-02-15,"N","Nord",1000,500,4,104,"SER",220,1
32020,"Postluch/Britz","BB",2022-02-15,"O","Ost",1000,403,1,104,"SER",64,0
32020,"Postluch/Britz","BB",2022-02-15,"O","Ost",1000,403,2,104,"SER",150,1
32020,"Postluch/Britz","BB",2022-02-15,"O","Ost",1000,403,3,104,"SER",28,0
32020,"Postluch/Britz","BB",2022-02-15,"O","Ost",1000,403,4,104,"SER",43,0
32020,"Postluch/Britz","BB",2022-02-15,"O","Ost",1000,403,5,104,"SER",40,0
32020,"Postluch/Britz","BB",2022-02-15,"O","Ost",1000,403,6,104,"SER",520,1
32020,"Postluch/Britz","BB",2022-02-15,"O","Ost",1000,403,7,104,"SER",670,2
32020,"Postluch/Britz","BB",2022-02-15,"O","Ost",1000,403,8,104,"SER",150,1
32020,"Postluch/Britz","BB",2022-02-15,"O","Ost",1000,403,9,104,"SER",178,1
32020,"Postluch/Britz","BB",2022-02-15,"O","Ost",1000,403,10,104,"SER",510,2
32020,"Postluch/Britz","BB",2022-02-15,"S","Süd",1000,471,1,104,"SER",100,0
32020,"Postluch/Britz","BB",2022-02-15,"S","Süd",1000,471,2,104,"SER",103,0
32020,"Postluch/Britz","BB",2022-02-15,"S","Süd",1000,471,3,104,"SER",86,0
32020,"Postluch/Britz","BB",2022-02-15,"S","Süd",1000,471,4,104,"SER",54,0
32020,"Postluch/Britz","BB",2022-02-15,"S","Süd",1000,471,5,104,"SER",73,0
32020,"Postluch/Britz","BB",2022-02-15,"S","Süd",1000,471,6,104,"SER",56,0
32020,"Postluch/Britz","BB",2022-02-15,"S","Süd",1000,471,7,104,"SER",160,1
32020,"Postluch/Britz","BB",2022-02-15,"S","Süd",1000,471,8,104,"SER",660,2
32020,"Postluch/Britz","BB",2022-02-15,"S","Süd",1000,471,9,104,"SER",920,1
32020,"Postluch/Britz","BB",2022-02-15,"S","Süd",1000,471,10,104,"SER",69,1
32020,"Postluch/Britz","BB",2022-02-15,"W","West",1000,224,1,104,"SER",680,1
32020,"Postluch/Britz","BB",2022-02-15,"W","West",1000,224,2,104,"SER",330,1
34010,"Gr. Eisenstraßenmoor/Johanngeorgenstadt","SN",2021-10-13,"N","Nord",1000,350,1,121,"VBE",83,0
34010,"Gr. Eisenstraßenmoor/Johanngeorgenstadt","SN",2021-10-13,"N","Nord",1000,350,2,121,"VBE",87,0
34010,"Gr. Eisenstraßenmoor/Johanngeorgenstadt","SN",2021-10-13,"N","Nord",1000,350,3,121,"VBE",65,0
34010,"Gr. Eisenstraßenmoor/Johanngeorgenstadt","SN",2021-10-13,"N","Nord",1000,350,4,121,"VBE",76,0
34010,"Gr. Eisenstraßenmoor/Johanngeorgenstadt","SN",2021-10-13,"N","Nord",1000,350,5,121,"VBE",94,0
34010,"Gr. Eisenstraßenmoor/Johanngeorgenstadt","SN",2021-10-13,"O","Ost",1000,370,1,207,"GFI",300,1
34010,"Gr. Eisenstraßenmoor/Johanngeorgenstadt","SN",2021-10-13,"O","Ost",1000,370,2,207,"GFI",360,1
34010,"Gr. Eisenstraßenmoor/Johanngeorgenstadt","SN",2021-10-13,"S","Süd",1000,380,1,207,"GFI",24,0
34010,"Gr. Eisenstraßenmoor/Johanngeorgenstadt","SN",2021-10-13,"S","Süd",1000,380,2,108,"MBI",23,0
34010,"Gr. Eisenstraßenmoor/Johanngeorgenstadt","SN",2021-10-13,"S","Süd",1000,380,3,207,"GFI",20,0
34010,"Gr. Eisenstraßenmoor/Johanngeorgenstadt","SN",2021-10-13,"W","West",1000,190,1,121,"VBE",23,0
34010,"Gr. Eisenstraßenmoor/Johanngeorgenstadt","SN",2021-10-13,"N","Nord",1000,280,1,121,"VBE",113,0
34010,"Gr. Eisenstraßenmoor/Johanngeorgenstadt","SN",2021-10-13,"N","Nord",1000,280,2,121,"VBE",73,0
34010,"Gr. Eisenstraßenmoor/Johanngeorgenstadt","SN",2021-10-13,"N","Nord",1000,280,3,121,"VBE",69,0
34010,"Gr. Eisenstraßenmoor/Johanngeorgenstadt","SN",2021-10-13,"N","Nord",1000,280,4,121,"VBE",91,0
34010,"Gr. Eisenstraßenmoor/Johanngeorgenstadt","SN",2021-10-13,"N","Nord",1000,280,5,207,"GFI",55,0
34010,"Gr. Eisenstraßenmoor/Johanngeorgenstadt","SN",2021-10-13,"N","Nord",1000,280,6,121,"VBE",53,0
34010,"Gr. Eisenstraßenmoor/Johanngeorgenstadt","SN",2021-10-13,"N","Nord",1000,280,7,207,"GFI",30,0
34010,"Gr. Eisenstraßenmoor/Johanngeorgenstadt","SN",2021-10-13,"N","Nord",1000,280,8,207,"GFI",60,0
34010,"Gr. Eisenstraßenmoor/Johanngeorgenstadt","SN",2021-10-13,"N","Nord",1000,280,9,207,"GFI",33,0
34010,"Gr. Eisenstraßenmoor/Johanngeorgenstadt","SN",2021-10-13,"N","Nord",1000,280,10,207,"GFI",21,0
34010,"Gr. Eisenstraßenmoor/Johanngeorgenstadt","SN",2021-10-13,"O","Ost",1000,400,1,207,"GFI",29,0
34010,"Gr. Eisenstraßenmoor/Johanngeorgenstadt","SN",2021-10-13,"O","Ost",1000,400,2,121,"VBE",58,0
34010,"Gr. Eisenstraßenmoor/Johanngeorgenstadt","SN",2021-10-13,"O","Ost",1000,400,3,207,"GFI",67,0
34010,"Gr. Eisenstraßenmoor/Johanngeorgenstadt","SN",2021-10-13,"O","Ost",1000,400,4,207,"GFI",37,0
34010,"Gr. Eisenstraßenmoor/Johanngeorgenstadt","SN",2021-10-13,"O","Ost",1000,400,5,207,"GFI",315,1
34010,"Gr. Eisenstraßenmoor/Johanngeorgenstadt","SN",2021-10-13,"O","Ost",1000,400,6,121,"VBE",47,0
34010,"Gr. Eisenstraßenmoor/Johanngeorgenstadt","SN",2021-10-13,"S","Süd",1000,290,1,121,"VBE",21,0
34010,"Gr. Eisenstraßenmoor/Johanngeorgenstadt","SN",2021-10-13,"S","Süd",1000,290,2,121,"VBE",20,0
34010,"Gr. Eisenstraßenmoor/Johanngeorgenstadt","SN",2021-10-13,"W","West",1000,350,1,121,"VBE",37,0
32010,"Buxpfuhl/Melchow","BB",2022-04-20,"S","Süd",800,445,1,104,"SER",52,0
32010,"Buxpfuhl/Melchow","BB",2022-04-20,"S","Süd",800,445,2,104,"SER",59,0
32010,"Buxpfuhl/Melchow","BB",2022-04-20,"N","Nord",800,409,1,104,"SER",47,0
32010,"Buxpfuhl/Melchow","BB",2022-04-20,"N","Nord",800,409,2,104,"SER",77,0
32010,"Buxpfuhl/Melchow","BB",2022-04-20,"N","Nord",800,409,3,104,"SER",70,0
32010,"Buxpfuhl/Melchow","BB",2022-04-20,"N","Nord",800,409,4,104,"SER",160,1
32010,"Buxpfuhl/Melchow","BB",2022-04-20,"N","Nord",800,409,5,NA,"SHO",126,0
32010,"Buxpfuhl/Melchow","BB",2022-04-20,"E","Ost",800,489,1,104,"SER",51,0
32010,"Buxpfuhl/Melchow","BB",2022-04-20,"E","Ost",800,489,2,104,"SER",22,0
32010,"Buxpfuhl/Melchow","BB",2022-04-20,"E","Ost",800,489,3,104,"SER",95,0
32010,"Buxpfuhl/Melchow","BB",2022-04-20,"E","Ost",800,489,4,104,"SER",180,1
32010,"Buxpfuhl/Melchow","BB",2022-04-20,"E","Ost",800,489,5,104,"SER",310,1
32010,"Buxpfuhl/Melchow","BB",2022-04-20,"W","West",800,125,1,104,"SER",102,1
32050,"Stromtrasse/Spechti","BB",2022-05-05,"N","Nord",1000,389,1,108,"MBI",430,2
32050,"Stromtrasse/Spechti","BB",2022-05-05,"N","Nord",1000,389,2,108,"MBI",460,3
32050,"Stromtrasse/Spechti","BB",2022-05-05,"N","Nord",1000,389,3,108,"MBI",160,1
32050,"Stromtrasse/Spechti","BB",2022-05-05,"N","Nord",1000,389,4,108,"MBI",156,1
32050,"Stromtrasse/Spechti","BB",2022-05-05,"N","Nord",1000,389,5,108,"MBI",225,1
32050,"Stromtrasse/Spechti","BB",2022-05-05,"N","Nord",1000,389,6,108,"MBI",480,2
32050,"Stromtrasse/Spechti","BB",2022-05-05,"E","Ost",1000,320,1,108,"MBI",230,1
32050,"Stromtrasse/Spechti","BB",2022-05-05,"E","Ost",1000,320,2,108,"MBI",430,1
32050,"Stromtrasse/Spechti","BB",2022-05-05,"E","Ost",1000,320,3,108,"MBI",230,1
32050,"Stromtrasse/Spechti","BB",2022-05-05,"E","Ost",1000,320,4,108,"MBI",315,1
32050,"Stromtrasse/Spechti","BB",2022-05-05,"E","Ost",1000,320,5,108,"MBI",188,1
32050,"Stromtrasse/Spechti","BB",2022-05-05,"E","Ost",1000,320,6,108,"MBI",315,1
32050,"Stromtrasse/Spechti","BB",2022-05-05,"E","Ost",1000,320,7,108,"MBI",350,1
32050,"Stromtrasse/Spechti","BB",2022-05-05,"E","Ost",1000,320,8,108,"MBI",185,1
32050,"Stromtrasse/Spechti","BB",2022-05-05,"E","Ost",1000,320,9,108,"MBI",380,1
32050,"Stromtrasse/Spechti","BB",2022-05-05,"E","Ost",1000,320,10,108,"MBI",670,3
32050,"Stromtrasse/Spechti","BB",2022-05-05,"S","Süd",1000,461,1,108,"MBI",375,1
32050,"Stromtrasse/Spechti","BB",2022-05-05,"S","Süd",1000,461,2,108,"MBI",330,1
32050,"Stromtrasse/Spechti","BB",2022-05-05,"S","Süd",1000,461,3,108,"MBI",420,1
32050,"Stromtrasse/Spechti","BB",2022-05-05,"S","Süd",1000,461,4,108,"MBI",500,2
32050,"Stromtrasse/Spechti","BB",2022-05-05,"S","Süd",1000,461,5,108,"MBI",250,1
32050,"Stromtrasse/Spechti","BB",2022-05-05,"S","Süd",1000,461,6,108,"MBI",740,3
32050,"Stromtrasse/Spechti","BB",2022-05-05,"S","Süd",1000,461,7,108,"MBI",730,3
32050,"Stromtrasse/Spechti","BB",2022-05-05,"S","Süd",1000,461,8,108,"MBI",138,1
32050,"Stromtrasse/Spechti","BB",2022-05-05,"S","Süd",1000,461,9,108,"MBI",305,1
32050,"Stromtrasse/Spechti","BB",2022-05-05,"S","Süd",1000,461,10,108,"MBI",290,1
32050,"Stromtrasse/Spechti","BB",2022-05-05,"W","West",1000,344,1,108,"MBI",67,0
32050,"Stromtrasse/Spechti","BB",2022-05-05,"W","West",1000,344,2,108,"MBI",185,1
32050,"Stromtrasse/Spechti","BB",2022-05-05,"W","West",1000,344,3,108,"MBI",220,1
32050,"Stromtrasse/Spechti","BB",2022-05-05,"W","West",1000,344,4,108,"MBI",115,0
32050,"Stromtrasse/Spechti","BB",2022-05-05,"W","West",1000,344,5,108,"MBI",110,0
32050,"Stromtrasse/Spechti","BB",2022-05-05,"W","West",1000,344,6,108,"MBI",220,1
32050,"Stromtrasse/Spechti","BB",2022-05-05,"W","West",1000,344,7,108,"MBI",220,1
32050,"Stromtrasse/Spechti","BB",2022-05-05,"W","West",1000,344,8,108,"MBI",255,1
32050,"Stromtrasse/Spechti","BB",2022-05-05,"W","West",1000,344,9,108,"MBI",225,1
32050,"Stromtrasse/Spechti","BB",2022-05-05,"W","West",1000,344,10,108,"MBI",315,1
32070,"Hellsee/Biesenthal","BB",2022-07-04,"N","Nord",1000,479,1,104,"SER",173,1
32070,"Hellsee/Biesenthal","BB",2022-07-04,"N","Nord",1000,479,2,104,"SER",110,0
32070,"Hellsee/Biesenthal","BB",2022-07-04,"N","Nord",1000,479,3,104,"SER",150,1
32070,"Hellsee/Biesenthal","BB",2022-07-04,"N","Nord",1000,479,4,104,"SER",260,1
32070,"Hellsee/Biesenthal","BB",2022-07-04,"N","Nord",1000,479,5,104,"SER",255,1
32070,"Hellsee/Biesenthal","BB",2022-07-04,"N","Nord",1000,479,6,104,"SER",700,3
32070,"Hellsee/Biesenthal","BB",2022-07-04,"N","Nord",1000,479,7,108,"MBI",960,3
32070,"Hellsee/Biesenthal","BB",2022-07-04,"N","Nord",1000,479,8,108,"MBI",1030,3
32070,"Hellsee/Biesenthal","BB",2022-07-04,"E","Ost",1000,478,1,104,"SER",205,1
32070,"Hellsee/Biesenthal","BB",2022-07-04,"E","Ost",1000,478,2,104,"SER",70,0
32070,"Hellsee/Biesenthal","BB",2022-07-04,"E","Ost",1000,478,3,104,"SER",120,0
32070,"Hellsee/Biesenthal","BB",2022-07-04,"E","Ost",1000,478,4,121,"VBE",295,1
32070,"Hellsee/Biesenthal","BB",2022-07-04,"S","Süd",1000,416,1,108,"MBI",403,1
32070,"Hellsee/Biesenthal","BB",2022-07-04,"S","Süd",1000,416,2,104,"SER",107,0
32070,"Hellsee/Biesenthal","BB",2022-07-04,"S","Süd",1000,416,3,104,"SER",157,1
32070,"Hellsee/Biesenthal","BB",2022-07-04,"S","Süd",1000,416,4,108,"MBI",154,1
32070,"Hellsee/Biesenthal","BB",2022-07-04,"S","Süd",1000,416,5,NA,"SHA",160,1
32070,"Hellsee/Biesenthal","BB",2022-07-04,"W","West",1000,494,1,112,"GES",125,0
32070,"Hellsee/Biesenthal","BB",2022-07-04,"W","West",1000,494,2,112,"GES",146,1
32070,"Hellsee/Biesenthal","BB",2022-07-04,"W","West",1000,494,3,104,"SER",145,1
32070,"Hellsee/Biesenthal","BB",2022-07-04,"W","West",1000,494,4,111,"RBU",290,1
32070,"Hellsee/Biesenthal","BB",2022-07-04,"W","West",1000,494,5,104,"SER",310,1
32070,"Hellsee/Biesenthal","BB",2022-07-04,"W","West",1000,494,6,112,"GES",640,2
32090,"Pfauenfließ/Biesenthal","BB",2022-06-27,"N","Nord",1000,490,1,104,"SER",170,1
32090,"Pfauenfließ/Biesenthal","BB",2022-06-28,"S","Süd",1000,500,1,104,"SER",630,3
32090,"Pfauenfließ/Biesenthal","BB",2022-06-29,"W","West",1000,500,1,104,"SER",140,1
32090,"Pfauenfließ/Biesenthal","BB",2022-06-30,"W","West",1000,500,2,104,"SER",480,3
32080,"Plötzensee/Biesenthal","BB",2022-08-03,"N","Nord",1000,233,1,153,"STK",196,1
32080,"Plötzensee/Biesenthal","BB",2022-08-03,"N","Nord",1000,233,2,NA,"FLB",340,1
32080,"Plötzensee/Biesenthal","BB",2022-08-03,"N","Nord",1000,233,3,153,"STK",168,1
32080,"Plötzensee/Biesenthal","BB",2022-08-03,"N","Nord",1000,233,4,153,"STK",265,1
32080,"Plötzensee/Biesenthal","BB",2022-08-03,"N","Nord",1000,233,5,NA,"FLB",297,1
32080,"Plötzensee/Biesenthal","BB",2022-08-03,"N","Nord",1000,233,6,153,"STK",320,1
32080,"Plötzensee/Biesenthal","BB",2022-08-03,"N","Nord",1000,233,7,153,"STK",97,0
32080,"Plötzensee/Biesenthal","BB",2022-08-03,"N","Nord",1000,233,8,153,"STK",340,2
32080,"Plötzensee/Biesenthal","BB",2022-08-03,"N","Nord",1000,233,9,153,"STK",520,2
32080,"Plötzensee/Biesenthal","BB",2022-08-03,"N","Nord",1000,233,10,153,"STK",460,1
32080,"Plötzensee/Biesenthal","BB",2022-08-03,"E","Ost",1000,336,1,153,"STK",70,0
32080,"Plötzensee/Biesenthal","BB",2022-08-03,"E","Ost",1000,336,2,153,"STK",75,0
32080,"Plötzensee/Biesenthal","BB",2022-08-03,"E","Ost",1000,336,3,121,"VBE",167,1
32080,"Plötzensee/Biesenthal","BB",2022-08-03,"E","Ost",1000,336,4,153,"STK",160,1
32080,"Plötzensee/Biesenthal","BB",2022-08-03,"E","Ost",1000,336,5,153,"STK",216,1
32080,"Plötzensee/Biesenthal","BB",2022-08-03,"E","Ost",1000,336,6,153,"STK",370,1
32080,"Plötzensee/Biesenthal","BB",2022-08-03,"E","Ost",1000,336,7,153,"STK",115,1
32080,"Plötzensee/Biesenthal","BB",2022-08-03,"E","Ost",1000,336,8,153,"STK",540,3
32080,"Plötzensee/Biesenthal","BB",2022-08-03,"E","Ost",1000,336,9,153,"STK",640,2
32080,"Plötzensee/Biesenthal","BB",2022-08-03,"E","Ost",1000,336,10,153,"STK",800,3
32080,"Plötzensee/Biesenthal","BB",2022-08-03,"S","Süd",1000,393,1,153,"STK",210,1
32080,"Plötzensee/Biesenthal","BB",2022-08-03,"S","Süd",1000,393,2,153,"STK",225,1
32080,"Plötzensee/Biesenthal","BB",2022-08-03,"S","Süd",1000,393,3,153,"STK",147,1
32080,"Plötzensee/Biesenthal","BB",2022-08-03,"S","Süd",1000,393,4,NA,"FLB",320,1
32080,"Plötzensee/Biesenthal","BB",2022-08-03,"S","Süd",1000,393,5,NA,"FLB",400,1
32080,"Plötzensee/Biesenthal","BB",2022-08-03,"S","Süd",1000,393,6,153,"STK",490,1
32080,"Plötzensee/Biesenthal","BB",2022-08-03,"S","Süd",1000,393,7,153,"STK",540,1
32080,"Plötzensee/Biesenthal","BB",2022-08-03,"S","Süd",1000,393,8,153,"STK",500,3
32080,"Plötzensee/Biesenthal","BB",2022-08-03,"S","Süd",1000,393,9,153,"STK",510,2
32080,"Plötzensee/Biesenthal","BB",2022-08-03,"S","Süd",1000,393,10,153,"STK",680,2
32080,"Plötzensee/Biesenthal","BB",2022-08-03,"W","West",1000,470,1,153,"STK",60,0
32080,"Plötzensee/Biesenthal","BB",2022-08-03,"W","West",1000,470,2,153,"STK",135,1
32080,"Plötzensee/Biesenthal","BB",2022-08-03,"W","West",1000,470,3,153,"STK",385,2
32080,"Plötzensee/Biesenthal","BB",2022-08-03,"W","West",1000,470,4,121,"VBE",285,1
32080,"Plötzensee/Biesenthal","BB",2022-08-03,"W","West",1000,470,5,NA,"FLB",355,1
32080,"Plötzensee/Biesenthal","BB",2022-08-03,"W","West",1000,470,6,NA,"FLB",245,1
32080,"Plötzensee/Biesenthal","BB",2022-08-03,"W","West",1000,470,7,153,"STK",170,1
32080,"Plötzensee/Biesenthal","BB",2022-08-03,"W","West",1000,470,8,153,"STK",140,1
32080,"Plötzensee/Biesenthal","BB",2022-08-03,"W","West",1000,470,9,108,"MBI",115,0
32080,"Plötzensee/Biesenthal","BB",2022-08-03,"W","West",1000,470,10,153,"STK",740,3
33050,"Rätzsee/Fleeth","MV",2022-08-08,"N","Nord",1000,386,1,NA,"FLB",140,1
33050,"Rätzsee/Fleeth","MV",2022-08-08,"N","Nord",1000,386,2,NA,"FLB",103,0
33050,"Rätzsee/Fleeth","MV",2022-08-08,"N","Nord",1000,386,3,104,"SER",75,0
33050,"Rätzsee/Fleeth","MV",2022-08-08,"N","Nord",1000,386,4,NA,"FLB",235,1
33050,"Rätzsee/Fleeth","MV",2022-08-08,"N","Nord",1000,386,5,104,"SER",140,1
33050,"Rätzsee/Fleeth","MV",2022-08-08,"N","Nord",1000,386,6,104,"SER",110,0
33050,"Rätzsee/Fleeth","MV",2022-08-08,"N","Nord",1000,386,7,NA,"FLB",380,1
33050,"Rätzsee/Fleeth","MV",2022-08-08,"N","Nord",1000,386,8,104,"SER",520,1
33050,"Rätzsee/Fleeth","MV",2022-08-08,"N","Nord",1000,386,9,104,"SER",670,2
33050,"Rätzsee/Fleeth","MV",2022-08-08,"N","Nord",1000,386,10,NA,"FLB",570,2
33050,"Rätzsee/Fleeth","MV",2022-08-08,"E","Ost",1000,459,1,NA,"FLB",150,1
33050,"Rätzsee/Fleeth","MV",2022-08-08,"E","Ost",1000,459,2,NA,"FLB",100,0
33050,"Rätzsee/Fleeth","MV",2022-08-08,"E","Ost",1000,459,3,104,"SER",80,0
33050,"Rätzsee/Fleeth","MV",2022-08-08,"E","Ost",1000,459,4,NA,"FLB",53,0
33050,"Rätzsee/Fleeth","MV",2022-08-08,"E","Ost",1000,459,5,104,"SER",100,0
33050,"Rätzsee/Fleeth","MV",2022-08-08,"E","Ost",1000,459,6,104,"SER",135,1
33050,"Rätzsee/Fleeth","MV",2022-08-08,"E","Ost",1000,459,7,104,"SER",200,1
33050,"Rätzsee/Fleeth","MV",2022-08-08,"E","Ost",1000,459,8,104,"SER",170,1
33050,"Rätzsee/Fleeth","MV",2022-08-08,"E","Ost",1000,459,9,NA,"FLB",340,2
33050,"Rätzsee/Fleeth","MV",2022-08-08,"E","Ost",1000,459,10,121,"VBE",35,0
33050,"Rätzsee/Fleeth","MV",2022-08-08,"S","Süd",1000,482,1,NA,"FLB",100,0
33050,"Rätzsee/Fleeth","MV",2022-08-08,"S","Süd",1000,482,2,104,"SER",95,0
33050,"Rätzsee/Fleeth","MV",2022-08-08,"S","Süd",1000,482,3,104,"SER",300,1
33050,"Rätzsee/Fleeth","MV",2022-08-08,"S","Süd",1000,482,4,NA,"FLB",270,1
33050,"Rätzsee/Fleeth","MV",2022-08-08,"S","Süd",1000,482,5,104,"SER",155,1
33050,"Rätzsee/Fleeth","MV",2022-08-08,"S","Süd",1000,482,6,NA,"FLB",90,0
33050,"Rätzsee/Fleeth","MV",2022-08-08,"S","Süd",1000,482,7,NA,"FLB",145,1
33050,"Rätzsee/Fleeth","MV",2022-08-08,"S","Süd",1000,482,8,104,"SER",95,0
33050,"Rätzsee/Fleeth","MV",2022-08-08,"S","Süd",1000,482,9,NA,"FLB",160,1
33050,"Rätzsee/Fleeth","MV",2022-08-08,"S","Süd",1000,482,10,104,"SER",590,2
33050,"Rätzsee/Fleeth","MV",2022-08-08,"W","West",1000,494,1,NA,"FLB",155,1
33050,"Rätzsee/Fleeth","MV",2022-08-08,"W","West",1000,494,2,104,"SER",70,0
33050,"Rätzsee/Fleeth","MV",2022-08-08,"W","West",1000,494,3,104,"SER",140,1
33050,"Rätzsee/Fleeth","MV",2022-08-08,"W","West",1000,494,4,104,"SER",70,0
33050,"Rätzsee/Fleeth","MV",2022-08-08,"W","West",1000,494,5,104,"SER",200,1
33050,"Rätzsee/Fleeth","MV",2022-08-08,"W","West",1000,494,6,104,"SER",330,1
33050,"Rätzsee/Fleeth","MV",2022-08-08,"W","West",1000,494,7,104,"SER",120,0
33050,"Rätzsee/Fleeth","MV",2022-08-08,"W","West",1000,494,8,NA,"FLB",260,1
33050,"Rätzsee/Fleeth","MV",2022-08-08,"W","West",1000,494,9,104,"SER",660,3
33050,"Rätzsee/Fleeth","MV",2022-08-08,"W","West",1000,494,10,NA,"FLB",620,2
33010,"Pälitzsee/Pelzkuhl","MV",2022-08-10,"N","Nord",1000,498,1,104,"SER",420,3
33010,"Pälitzsee/Pelzkuhl","MV",2022-08-10,"N","Nord",1000,498,2,104,"SER",600,1
33010,"Pälitzsee/Pelzkuhl","MV",2022-08-10,"N","Nord",1000,498,3,104,"SER",120,0
33010,"Pälitzsee/Pelzkuhl","MV",2022-08-10,"N","Nord",1000,498,4,104,"SER",115,0
33010,"Pälitzsee/Pelzkuhl","MV",2022-08-10,"N","Nord",1000,498,5,104,"SER",160,1
33010,"Pälitzsee/Pelzkuhl","MV",2022-08-10,"N","Nord",1000,498,6,NA,"KD",70,0
33010,"Pälitzsee/Pelzkuhl","MV",2022-08-10,"E","Ost",1000,483,1,104,"SER",160,1
33010,"Pälitzsee/Pelzkuhl","MV",2022-08-10,"E","Ost",1000,483,2,104,"SER",125,0
33010,"Pälitzsee/Pelzkuhl","MV",2022-08-10,"E","Ost",1000,483,3,104,"SER",120,0
33010,"Pälitzsee/Pelzkuhl","MV",2022-08-10,"E","Ost",1000,483,4,104,"SER",180,1
33010,"Pälitzsee/Pelzkuhl","MV",2022-08-10,"E","Ost",1000,483,5,104,"SER",250,1
33010,"Pälitzsee/Pelzkuhl","MV",2022-08-10,"E","Ost",1000,483,6,104,"SER",180,1
33010,"Pälitzsee/Pelzkuhl","MV",2022-08-10,"E","Ost",1000,483,7,104,"SER",100,0
33010,"Pälitzsee/Pelzkuhl","MV",2022-08-10,"E","Ost",1000,483,8,104,"SER",180,1
33010,"Pälitzsee/Pelzkuhl","MV",2022-08-10,"E","Ost",1000,483,9,104,"SER",180,1
33010,"Pälitzsee/Pelzkuhl","MV",2022-08-10,"S","Süd",1000,469,1,104,"SER",320,1
33010,"Pälitzsee/Pelzkuhl","MV",2022-08-10,"S","Süd",1000,469,2,104,"SER",105,0
33010,"Pälitzsee/Pelzkuhl","MV",2022-08-10,"S","Süd",1000,469,3,104,"SER",170,1
33010,"Pälitzsee/Pelzkuhl","MV",2022-08-10,"S","Süd",1000,469,4,104,"SER",160,1
33010,"Pälitzsee/Pelzkuhl","MV",2022-08-10,"S","Süd",1000,469,5,104,"SER",55,0
33010,"Pälitzsee/Pelzkuhl","MV",2022-08-10,"W","West",1000,476,1,104,"SER",240,1
33010,"Pälitzsee/Pelzkuhl","MV",2022-08-10,"W","West",1000,476,2,104,"SER",110,0
33010,"Pälitzsee/Pelzkuhl","MV",2022-08-10,"W","West",1000,476,3,104,"SER",170,1
33010,"Pälitzsee/Pelzkuhl","MV",2022-08-10,"W","West",1000,476,4,104,"SER",290,1
33010,"Pälitzsee/Pelzkuhl","MV",2022-08-10,"W","West",1000,476,5,104,"SER",230,3
33010,"Pälitzsee/Pelzkuhl","MV",2022-08-10,"W","West",1000,476,6,104,"SER",90,0
33010,"Pälitzsee/Pelzkuhl","MV",2022-08-10,"W","West",1000,476,7,104,"SER",260,1
33010,"Pälitzsee/Pelzkuhl","MV",2022-08-10,"W","West",1000,476,8,104,"SER",210,1
33010,"Pälitzsee/Pelzkuhl","MV",2022-08-10,"W","West",1000,476,9,104,"SER",200,1
33010,"Pälitzsee/Pelzkuhl","MV",2022-08-10,"W","West",1000,476,10,104,"SER",120,0
34030,"Steinbach/Steinbach","SN",2022-08-24,"N","Nord",1000,207,1,207,"GFI",50,0
34030,"Steinbach/Steinbach","SN",2022-08-24,"N","Nord",1000,207,2,207,"GFI",45,0
34030,"Steinbach/Steinbach","SN",2022-08-24,"N","Nord",1000,207,3,207,"GFI",35,0
34030,"Steinbach/Steinbach","SN",2022-08-24,"N","Nord",1000,207,4,207,"GFI",30,0
34030,"Steinbach/Steinbach","SN",2022-08-24,"N","Nord",1000,207,5,207,"GFI",30,0
34030,"Steinbach/Steinbach","SN",2022-08-24,"N","Nord",1000,207,6,207,"GFI",30,0
34030,"Steinbach/Steinbach","SN",2022-08-24,"N","Nord",1000,207,7,207,"GFI",25,0
34030,"Steinbach/Steinbach","SN",2022-08-24,"N","Nord",1000,207,8,207,"GFI",30,0
34030,"Steinbach/Steinbach","SN",2022-08-24,"N","Nord",1000,207,9,207,"GFI",40,0
34030,"Steinbach/Steinbach","SN",2022-08-24,"N","Nord",1000,207,10,207,"GFI",45,0
34030,"Steinbach/Steinbach","SN",2022-08-24,"E","Ost",1000,409,1,207,"GFI",85,0
34030,"Steinbach/Steinbach","SN",2022-08-24,"E","Ost",1000,409,2,207,"GFI",240,1
34030,"Steinbach/Steinbach","SN",2022-08-24,"S","Süd",1000,159,1,207,"GFI",25,0
34030,"Steinbach/Steinbach","SN",2022-08-24,"S","Süd",1000,159,2,207,"GFI",25,0
34030,"Steinbach/Steinbach","SN",2022-08-24,"S","Süd",1000,159,3,207,"GFI",50,0
34030,"Steinbach/Steinbach","SN",2022-08-24,"S","Süd",1000,159,4,207,"GFI",45,0
34030,"Steinbach/Steinbach","SN",2022-08-24,"S","Süd",1000,159,5,207,"GFI",25,0
34030,"Steinbach/Steinbach","SN",2022-08-24,"S","Süd",1000,159,6,207,"GFI",35,0
34030,"Steinbach/Steinbach","SN",2022-08-24,"S","Süd",1000,159,7,207,"GFI",20,0
34030,"Steinbach/Steinbach","SN",2022-08-24,"S","Süd",1000,159,8,207,"GFI",25,0
34030,"Steinbach/Steinbach","SN",2022-08-24,"S","Süd",1000,159,9,207,"GFI",30,0
34030,"Steinbach/Steinbach","SN",2022-08-24,"S","Süd",1000,159,10,207,"GFI",35,0
34030,"Steinbach/Steinbach","SN",2022-08-24,"W","West",1000,380,1,121,"VBE",30,0
34030,"Steinbach/Steinbach","SN",2022-08-24,"W","West",1000,380,2,121,"VBE",40,0
34030,"Steinbach/Steinbach","SN",2022-08-24,"W","West",1000,380,3,207,"GFI",280,1
34030,"Steinbach/Steinbach","SN",2022-08-24,"W","West",1000,380,4,207,"GFI",200,1
34030,"Steinbach/Steinbach","SN",2022-08-24,"W","West",1000,380,5,207,"GFI",320,1
34030,"Steinbach/Steinbach","SN",2022-08-24,"W","West",1000,380,6,207,"GFI",500,3
34030,"Steinbach/Steinbach","SN",2022-08-24,"W","West",1000,380,7,207,"GFI",280,1
34030,"Steinbach/Steinbach","SN",2022-08-24,"W","West",1000,380,8,207,"GFI",110,0
34030,"Steinbach/Steinbach","SN",2022-08-24,"W","West",1000,380,9,207,"GFI",270,1
34030,"Steinbach/Steinbach","SN",2022-08-24,"W","West",1000,380,10,207,"GFI",85,0
34040,"Milchbach/Erlabrunn","SN",2022-09-14,"N","Nord",1000,330,1,207,"GFI",20,0
34040,"Milchbach/Erlabrunn","SN",2022-09-14,"N","Nord",1000,330,2,207,"GFI",35,0
34040,"Milchbach/Erlabrunn","SN",2022-09-14,"N","Nord",1000,330,3,207,"GFI",20,0
34040,"Milchbach/Erlabrunn","SN",2022-09-14,"N","Nord",1000,330,4,207,"GFI",30,0
34040,"Milchbach/Erlabrunn","SN",2022-09-14,"N","Nord",1000,330,5,207,"GFI",35,0
34040,"Milchbach/Erlabrunn","SN",2022-09-14,"N","Nord",1000,330,6,207,"GFI",30,0
34040,"Milchbach/Erlabrunn","SN",2022-09-14,"N","Nord",1000,330,7,207,"GFI",20,0
34040,"Milchbach/Erlabrunn","SN",2022-09-14,"N","Nord",1000,330,8,207,"GFI",20,0
34040,"Milchbach/Erlabrunn","SN",2022-09-14,"N","Nord",1000,330,9,207,"GFI",20,0
34040,"Milchbach/Erlabrunn","SN",2022-09-14,"N","Nord",1000,330,10,207,"GFI",30,0
34040,"Milchbach/Erlabrunn","SN",2022-09-14,"E","Ost",1000,215,1,121,"VBE",30,0
34040,"Milchbach/Erlabrunn","SN",2022-09-14,"E","Ost",1000,215,2,121,"VBE",30,0
34040,"Milchbach/Erlabrunn","SN",2022-09-14,"E","Ost",1000,215,3,121,"VBE",20,0
34040,"Milchbach/Erlabrunn","SN",2022-09-14,"E","Ost",1000,215,4,121,"VBE",45,0
34040,"Milchbach/Erlabrunn","SN",2022-09-14,"E","Ost",1000,215,5,121,"VBE",30,0
34040,"Milchbach/Erlabrunn","SN",2022-09-14,"E","Ost",1000,215,6,121,"VBE",30,0
34040,"Milchbach/Erlabrunn","SN",2022-09-14,"S","Süd",1000,217,1,207,"GFI",65,0
34040,"Milchbach/Erlabrunn","SN",2022-09-14,"S","Süd",1000,217,2,207,"GFI",80,0
34040,"Milchbach/Erlabrunn","SN",2022-09-14,"S","Süd",1000,217,3,121,"VBE",80,0
34040,"Milchbach/Erlabrunn","SN",2022-09-14,"S","Süd",1000,217,4,121,"VBE",55,0
34040,"Milchbach/Erlabrunn","SN",2022-09-14,"S","Süd",1000,217,5,121,"VBE",50,0
34040,"Milchbach/Erlabrunn","SN",2022-09-14,"S","Süd",1000,217,6,121,"VBE",55,0
34040,"Milchbach/Erlabrunn","SN",2022-09-14,"S","Süd",1000,217,7,201,"WTA",20,0
34040,"Milchbach/Erlabrunn","SN",2022-09-14,"S","Süd",1000,217,8,201,"WTA",20,0
34040,"Milchbach/Erlabrunn","SN",2022-09-14,"S","Süd",1000,217,9,121,"VBE",150,1
34040,"Milchbach/Erlabrunn","SN",2022-09-14,"S","Süd",1000,217,10,121,"VBE",130,1
34040,"Milchbach/Erlabrunn","SN",2022-09-14,"W","West",1000,312,1,121,"VBE",60,0
34040,"Milchbach/Erlabrunn","SN",2022-09-14,"W","West",1000,312,2,121,"VBE",160,1
34040,"Milchbach/Erlabrunn","SN",2022-09-14,"W","West",1000,312,3,207,"GFI",40,0
34040,"Milchbach/Erlabrunn","SN",2022-09-14,"W","West",1000,312,4,121,"VBE",60,0
34040,"Milchbach/Erlabrunn","SN",2022-09-14,"W","West",1000,312,5,207,"GFI",40,0
34040,"Milchbach/Erlabrunn","SN",2022-09-14,"W","West",1000,312,6,207,"GFI",40,0
34040,"Milchbach/Erlabrunn","SN",2022-09-14,"W","West",1000,312,7,207,"GFI",40,0
34040,"Milchbach/Erlabrunn","SN",2022-09-14,"W","West",1000,312,8,207,"GFI",60,0
34040,"Milchbach/Erlabrunn","SN",2022-09-14,"W","West",1000,312,9,207,"GFI",20,0
34040,"Milchbach/Erlabrunn","SN",2022-09-14,"W","West",1000,312,10,121,"VBE",115,0
34020,"Friedrichsheider Hochmoor/Erlabrunn","SN",2022-09-13,"N","Nord",1000,278,1,214,"BKI",220,1
34020,"Friedrichsheider Hochmoor/Erlabrunn","SN",2022-09-13,"N","Nord",1000,278,2,214,"BKI",100,0
34020,"Friedrichsheider Hochmoor/Erlabrunn","SN",2022-09-13,"N","Nord",1000,278,3,214,"BKI",400,1
34020,"Friedrichsheider Hochmoor/Erlabrunn","SN",2022-09-13,"N","Nord",1000,278,4,214,"BKI",270,1
34020,"Friedrichsheider Hochmoor/Erlabrunn","SN",2022-09-13,"N","Nord",1000,278,5,214,"BKI",80,0
34020,"Friedrichsheider Hochmoor/Erlabrunn","SN",2022-09-13,"N","Nord",1000,278,6,214,"BKI",300,1
34020,"Friedrichsheider Hochmoor/Erlabrunn","SN",2022-09-13,"N","Nord",1000,278,7,214,"BKI",300,1
34020,"Friedrichsheider Hochmoor/Erlabrunn","SN",2022-09-13,"N","Nord",1000,278,8,214,"BKI",170,1
34020,"Friedrichsheider Hochmoor/Erlabrunn","SN",2022-09-13,"N","Nord",1000,278,9,214,"BKI",260,1
34020,"Friedrichsheider Hochmoor/Erlabrunn","SN",2022-09-13,"N","Nord",1000,278,10,214,"BKI",140,1
34020,"Friedrichsheider Hochmoor/Erlabrunn","SN",2022-09-13,"E","Ost",1000,84,1,214,"BKI",105,0
34020,"Friedrichsheider Hochmoor/Erlabrunn","SN",2022-09-13,"E","Ost",1000,84,2,214,"BKI",95,0
34020,"Friedrichsheider Hochmoor/Erlabrunn","SN",2022-09-13,"E","Ost",1000,84,3,214,"BKI",140,1
34020,"Friedrichsheider Hochmoor/Erlabrunn","SN",2022-09-13,"E","Ost",1000,84,4,214,"BKI",45,0
34020,"Friedrichsheider Hochmoor/Erlabrunn","SN",2022-09-13,"E","Ost",1000,84,5,214,"BKI",70,0
34020,"Friedrichsheider Hochmoor/Erlabrunn","SN",2022-09-13,"E","Ost",1000,84,6,214,"BKI",85,0
34020,"Friedrichsheider Hochmoor/Erlabrunn","SN",2022-09-13,"E","Ost",1000,84,7,214,"BKI",105,0
34020,"Friedrichsheider Hochmoor/Erlabrunn","SN",2022-09-13,"E","Ost",1000,84,8,214,"BKI",50,0
34020,"Friedrichsheider Hochmoor/Erlabrunn","SN",2022-09-13,"E","Ost",1000,84,9,214,"BKI",155,1
34020,"Friedrichsheider Hochmoor/Erlabrunn","SN",2022-09-13,"E","Ost",1000,84,10,214,"BKI",175,1
34020,"Friedrichsheider Hochmoor/Erlabrunn","SN",2022-09-13,"S","Süd",1000,280,1,214,"BKI",400,3
34020,"Friedrichsheider Hochmoor/Erlabrunn","SN",2022-09-13,"S","Süd",1000,280,2,214,"BKI",110,0
34020,"Friedrichsheider Hochmoor/Erlabrunn","SN",2022-09-13,"S","Süd",1000,280,3,214,"BKI",120,0
34020,"Friedrichsheider Hochmoor/Erlabrunn","SN",2022-09-13,"S","Süd",1000,280,4,214,"BKI",230,1
34020,"Friedrichsheider Hochmoor/Erlabrunn","SN",2022-09-13,"S","Süd",1000,280,5,214,"BKI",105,0
34020,"Friedrichsheider Hochmoor/Erlabrunn","SN",2022-09-13,"S","Süd",1000,280,6,214,"BKI",140,1
34020,"Friedrichsheider Hochmoor/Erlabrunn","SN",2022-09-13,"S","Süd",1000,280,7,214,"BKI",350,1
34020,"Friedrichsheider Hochmoor/Erlabrunn","SN",2022-09-13,"S","Süd",1000,280,8,214,"BKI",160,1
34020,"Friedrichsheider Hochmoor/Erlabrunn","SN",2022-09-13,"S","Süd",1000,280,9,214,"BKI",200,1
34020,"Friedrichsheider Hochmoor/Erlabrunn","SN",2022-09-13,"S","Süd",1000,280,10,214,"BKI",400,1
34020,"Friedrichsheider Hochmoor/Erlabrunn","SN",2022-09-13,"W","West",1000,263,1,214,"BKI",250,1
34020,"Friedrichsheider Hochmoor/Erlabrunn","SN",2022-09-13,"W","West",1000,263,2,214,"BKI",340,1
34020,"Friedrichsheider Hochmoor/Erlabrunn","SN",2022-09-13,"W","West",1000,263,3,214,"BKI",130,1
34020,"Friedrichsheider Hochmoor/Erlabrunn","SN",2022-09-13,"W","West",1000,263,4,214,"BKI",150,1
34020,"Friedrichsheider Hochmoor/Erlabrunn","SN",2022-09-13,"W","West",1000,263,5,214,"BKI",150,1
34020,"Friedrichsheider Hochmoor/Erlabrunn","SN",2022-09-13,"W","West",1000,263,6,214,"BKI",180,1
34020,"Friedrichsheider Hochmoor/Erlabrunn","SN",2022-09-13,"W","West",1000,263,7,214,"BKI",310,3
34020,"Friedrichsheider Hochmoor/Erlabrunn","SN",2022-09-13,"W","West",1000,263,8,214,"BKI",310,2
34020,"Friedrichsheider Hochmoor/Erlabrunn","SN",2022-09-13,"W","West",1000,263,9,214,"BKI",380,2
34020,"Friedrichsheider Hochmoor/Erlabrunn","SN",2022-09-13,"W","West",1000,263,10,214,"BKI",270,1
33040,"Drewensee/Priepert","MV",2022-09-07,"N","Nord",1000,500,1,104,"SER",145,1
33040,"Drewensee/Priepert","MV",2022-09-07,"N","Nord",1000,500,2,104,"SER",70,0
33040,"Drewensee/Priepert","MV",2022-09-07,"N","Nord",1000,500,3,104,"SER",110,0
33040,"Drewensee/Priepert","MV",2022-09-07,"N","Nord",1000,500,4,104,"SER",175,1
33040,"Drewensee/Priepert","MV",2022-09-07,"N","Nord",1000,500,5,104,"SER",205,1
33040,"Drewensee/Priepert","MV",2022-09-07,"N","Nord",1000,500,6,104,"SER",145,0
33040,"Drewensee/Priepert","MV",2022-09-07,"E","Ost",1000,411,1,207,"GFI",55,0
33040,"Drewensee/Priepert","MV",2022-09-07,"E","Ost",1000,411,2,207,"GFI",35,0
33040,"Drewensee/Priepert","MV",2022-09-07,"E","Ost",1000,411,3,207,"GFI",30,0
33040,"Drewensee/Priepert","MV",2022-09-07,"E","Ost",1000,411,4,207,"GFI",30,0
33040,"Drewensee/Priepert","MV",2022-09-07,"E","Ost",1000,411,5,207,"GFI",35,0
33040,"Drewensee/Priepert","MV",2022-09-07,"E","Ost",1000,411,6,207,"GFI",75,0
33040,"Drewensee/Priepert","MV",2022-09-07,"E","Ost",1000,411,7,207,"GFI",35,0
33040,"Drewensee/Priepert","MV",2022-09-07,"E","Ost",1000,411,8,207,"GFI",25,0
33040,"Drewensee/Priepert","MV",2022-09-07,"E","Ost",1000,411,9,104,"SER",110,0
33040,"Drewensee/Priepert","MV",2022-09-07,"E","Ost",1000,411,10,104,"SER",95,0
33040,"Drewensee/Priepert","MV",2022-09-07,"S","Süd",1000,493,1,207,"GFI",30,0
33040,"Drewensee/Priepert","MV",2022-09-07,"S","Süd",1000,493,2,207,"GFI",105,0
33040,"Drewensee/Priepert","MV",2022-09-07,"S","Süd",1000,493,3,207,"GFI",115,0
33040,"Drewensee/Priepert","MV",2022-09-07,"S","Süd",1000,493,4,207,"GFI",110,0
33040,"Drewensee/Priepert","MV",2022-09-07,"S","Süd",1000,493,5,207,"GFI",75,0
33040,"Drewensee/Priepert","MV",2022-09-07,"S","Süd",1000,493,6,207,"GFI",30,0
33040,"Drewensee/Priepert","MV",2022-09-07,"S","Süd",1000,493,7,104,"SER",60,0
33040,"Drewensee/Priepert","MV",2022-09-07,"S","Süd",1000,493,8,104,"SER",60,0
33040,"Drewensee/Priepert","MV",2022-09-07,"S","Süd",1000,493,9,104,"SER",60,0
33040,"Drewensee/Priepert","MV",2022-09-07,"S","Süd",1000,493,10,111,"RBU",65,0
33040,"Drewensee/Priepert","MV",2022-09-07,"W","West",1000,483,1,104,"SER",125,0
33040,"Drewensee/Priepert","MV",2022-09-07,"W","West",1000,483,2,104,"SER",65,0
33040,"Drewensee/Priepert","MV",2022-09-07,"W","West",1000,483,3,104,"SER",170,1
33040,"Drewensee/Priepert","MV",2022-09-07,"W","West",1000,483,4,104,"SER",70,0
33040,"Drewensee/Priepert","MV",2022-09-07,"W","West",1000,483,5,104,"SER",90,0
33040,"Drewensee/Priepert","MV",2022-09-07,"W","West",1000,483,6,104,"SER",80,0
33040,"Drewensee/Priepert","MV",2022-09-07,"W","West",1000,483,7,207,"GFI",30,0
29080,"Filzwald/Klingbrunn Bhf","BY",2022-10-12,"N","Nord",1000,498,1,207,"GFI",60,0
29080,"Filzwald/Klingbrunn Bhf","BY",2022-10-12,"N","Nord",1000,498,2,207,"GFI",30,0
29080,"Filzwald/Klingbrunn Bhf","BY",2022-10-12,"N","Nord",1000,498,3,207,"GFI",20,0
29080,"Filzwald/Klingbrunn Bhf","BY",2022-10-12,"N","Nord",1000,498,4,207,"GFI",25,0
29080,"Filzwald/Klingbrunn Bhf","BY",2022-10-12,"N","Nord",1000,498,5,207,"GFI",50,0
29080,"Filzwald/Klingbrunn Bhf","BY",2022-10-12,"N","Nord",1000,498,6,207,"GFI",50,0
29080,"Filzwald/Klingbrunn Bhf","BY",2022-10-12,"E","Ost",1000,244,1,207,"GFI",20,0
29080,"Filzwald/Klingbrunn Bhf","BY",2022-10-12,"E","Ost",1000,244,2,207,"GFI",25,0
29080,"Filzwald/Klingbrunn Bhf","BY",2022-10-12,"E","Ost",1000,244,3,207,"GFI",40,0
29080,"Filzwald/Klingbrunn Bhf","BY",2022-10-12,"E","Ost",1000,244,4,207,"GFI",25,0
29080,"Filzwald/Klingbrunn Bhf","BY",2022-10-12,"E","Ost",1000,244,5,207,"GFI",35,0
29080,"Filzwald/Klingbrunn Bhf","BY",2022-10-12,"E","Ost",1000,244,6,207,"GFI",45,0
29080,"Filzwald/Klingbrunn Bhf","BY",2022-10-12,"E","Ost",1000,244,7,207,"GFI",60,0
29080,"Filzwald/Klingbrunn Bhf","BY",2022-10-12,"E","Ost",1000,244,8,207,"GFI",55,0
29080,"Filzwald/Klingbrunn Bhf","BY",2022-10-12,"E","Ost",1000,244,9,207,"GFI",30,0
29080,"Filzwald/Klingbrunn Bhf","BY",2022-10-12,"E","Ost",1000,244,10,207,"GFI",65,0
29080,"Filzwald/Klingbrunn Bhf","BY",2022-10-12,"S","Süd",1000,492,1,207,"GFI",95,0
29080,"Filzwald/Klingbrunn Bhf","BY",2022-10-12,"S","Süd",1000,492,2,207,"GFI",125,0
29080,"Filzwald/Klingbrunn Bhf","BY",2022-10-12,"S","Süd",1000,492,3,207,"GFI",300,2
29080,"Filzwald/Klingbrunn Bhf","BY",2022-10-12,"S","Süd",1000,492,4,207,"GFI",75,0
29080,"Filzwald/Klingbrunn Bhf","BY",2022-10-12,"S","Süd",1000,492,5,207,"GFI",170,1
29080,"Filzwald/Klingbrunn Bhf","BY",2022-10-12,"S","Süd",1000,492,6,207,"GFI",230,1
29080,"Filzwald/Klingbrunn Bhf","BY",2022-10-12,"S","Süd",1000,492,7,207,"GFI",180,1
29080,"Filzwald/Klingbrunn Bhf","BY",2022-10-12,"S","Süd",1000,492,8,207,"GFI",490,3
29080,"Filzwald/Klingbrunn Bhf","BY",2022-10-12,"W","West",1000,358,1,207,"GFI",85,0
29080,"Filzwald/Klingbrunn Bhf","BY",2022-10-12,"W","West",1000,358,2,207,"GFI",310,1
29080,"Filzwald/Klingbrunn Bhf","BY",2022-10-12,"W","West",1000,358,3,207,"GFI",380,2
29080,"Filzwald/Klingbrunn Bhf","BY",2022-10-12,"W","West",1000,358,4,207,"GFI",20,0
29080,"Filzwald/Klingbrunn Bhf","BY",2022-10-12,"W","West",1000,358,5,207,"GFI",80,0
29090,"Klosterfilz/Skt. Oswald","BY",2022-10-11,"N","Nord",1000,352,1,214,"BKI",225,3
29090,"Klosterfilz/Skt. Oswald","BY",2022-10-11,"N","Nord",1000,352,2,214,"BKI",180,1
29090,"Klosterfilz/Skt. Oswald","BY",2022-10-11,"N","Nord",1000,352,3,214,"BKI",260,1
29090,"Klosterfilz/Skt. Oswald","BY",2022-10-11,"N","Nord",1000,352,4,214,"BKI",140,1
29090,"Klosterfilz/Skt. Oswald","BY",2022-10-11,"N","Nord",1000,352,5,214,"BKI",420,3
29090,"Klosterfilz/Skt. Oswald","BY",2022-10-11,"N","Nord",1000,352,6,214,"BKI",305,2
29090,"Klosterfilz/Skt. Oswald","BY",2022-10-11,"N","Nord",1000,352,7,214,"BKI",240,1
29090,"Klosterfilz/Skt. Oswald","BY",2022-10-11,"N","Nord",1000,352,8,214,"BKI",230,1
29090,"Klosterfilz/Skt. Oswald","BY",2022-10-11,"N","Nord",1000,352,9,214,"BKI",340,2
29090,"Klosterfilz/Skt. Oswald","BY",2022-10-11,"N","Nord",1000,352,10,207,"GFI",95,0
29090,"Klosterfilz/Skt. Oswald","BY",2022-10-11,"E","Ost",1000,295,1,214,"BKI",140,1
29090,"Klosterfilz/Skt. Oswald","BY",2022-10-11,"E","Ost",1000,295,2,214,"BKI",300,3
29090,"Klosterfilz/Skt. Oswald","BY",2022-10-11,"E","Ost",1000,295,3,214,"BKI",140,1
29090,"Klosterfilz/Skt. Oswald","BY",2022-10-11,"E","Ost",1000,295,4,214,"BKI",220,1
29090,"Klosterfilz/Skt. Oswald","BY",2022-10-11,"E","Ost",1000,295,5,214,"BKI",100,0
29090,"Klosterfilz/Skt. Oswald","BY",2022-10-11,"E","Ost",1000,295,6,214,"BKI",155,1
29090,"Klosterfilz/Skt. Oswald","BY",2022-10-11,"E","Ost",1000,295,7,214,"BKI",145,1
29090,"Klosterfilz/Skt. Oswald","BY",2022-10-11,"E","Ost",1000,295,8,214,"BKI",105,0
29090,"Klosterfilz/Skt. Oswald","BY",2022-10-11,"E","Ost",1000,295,9,214,"BKI",305,1
29090,"Klosterfilz/Skt. Oswald","BY",2022-10-11,"E","Ost",1000,295,10,214,"BKI",135,1
29090,"Klosterfilz/Skt. Oswald","BY",2022-10-11,"S","Süd",1000,275,1,214,"BKI",120,0
29090,"Klosterfilz/Skt. Oswald","BY",2022-10-11,"S","Süd",1000,275,2,214,"BKI",440,3
29090,"Klosterfilz/Skt. Oswald","BY",2022-10-11,"S","Süd",1000,275,3,214,"BKI",220,2
29090,"Klosterfilz/Skt. Oswald","BY",2022-10-11,"S","Süd",1000,275,4,214,"BKI",95,0
29090,"Klosterfilz/Skt. Oswald","BY",2022-10-11,"S","Süd",1000,275,5,214,"BKI",125,0
29090,"Klosterfilz/Skt. Oswald","BY",2022-10-11,"S","Süd",1000,275,6,214,"BKI",115,0
29090,"Klosterfilz/Skt. Oswald","BY",2022-10-11,"S","Süd",1000,275,7,214,"BKI",330,3
29090,"Klosterfilz/Skt. Oswald","BY",2022-10-11,"S","Süd",1000,275,8,214,"BKI",310,2
29090,"Klosterfilz/Skt. Oswald","BY",2022-10-11,"S","Süd",1000,275,9,214,"BKI",45,0
29090,"Klosterfilz/Skt. Oswald","BY",2022-10-11,"S","Süd",1000,275,10,214,"BKI",90,0
29090,"Klosterfilz/Skt. Oswald","BY",2022-10-11,"W","West",1000,375,1,214,"BKI",310,2
29090,"Klosterfilz/Skt. Oswald","BY",2022-10-11,"W","West",1000,375,2,214,"BKI",135,1
29090,"Klosterfilz/Skt. Oswald","BY",2022-10-11,"W","West",1000,375,3,214,"BKI",100,0
29090,"Klosterfilz/Skt. Oswald","BY",2022-10-11,"W","West",1000,375,4,214,"BKI",165,1
29090,"Klosterfilz/Skt. Oswald","BY",2022-10-11,"W","West",1000,375,5,214,"BKI",250,1
29090,"Klosterfilz/Skt. Oswald","BY",2022-10-11,"W","West",1000,375,6,214,"BKI",100,0
29090,"Klosterfilz/Skt. Oswald","BY",2022-10-11,"W","West",1000,375,7,214,"BKI",280,3
29090,"Klosterfilz/Skt. Oswald","BY",2022-10-11,"W","West",1000,375,8,214,"BKI",45,0
29090,"Klosterfilz/Skt. Oswald","BY",2022-10-11,"W","West",1000,375,9,214,"BKI",85,0
29090,"Klosterfilz/Skt. Oswald","BY",2022-10-11,"W","West",1000,375,10,214,"BKI",110,0
35500,"Jävenitzer Moor/Gardelegen","ST",2022-10-19,"E","Ost",1000,462,1,108,"MBI",70,0
35500,"Jävenitzer Moor/Gardelegen","ST",2022-10-19,"E","Ost",1000,462,2,108,"MBI",65,0
35500,"Jävenitzer Moor/Gardelegen","ST",2022-10-19,"W","West",1000,100,1,108,"MBI",115,0
27040,"Palmbruch/Morbach","RP",2023-02-13,"N","Nord",1000,125,1,108,"MBI",125,0
27040,"Palmbruch/Morbach","RP",2023-02-13,"N","Nord",1000,125,2,108,"MBI",80,0
27040,"Palmbruch/Morbach","RP",2023-02-13,"N","Nord",1000,125,3,108,"MBI",220,1
27040,"Palmbruch/Morbach","RP",2023-02-13,"N","Nord",1000,125,4,108,"MBI",150,1
27040,"Palmbruch/Morbach","RP",2023-02-13,"N","Nord",1000,125,5,108,"MBI",160,1
27040,"Palmbruch/Morbach","RP",2023-02-13,"N","Nord",1000,125,6,108,"MBI",150,1
27040,"Palmbruch/Morbach","RP",2023-02-13,"N","Nord",1000,125,7,108,"MBI",230,1
27040,"Palmbruch/Morbach","RP",2023-02-13,"N","Nord",1000,125,8,108,"MBI",240,1
27040,"Palmbruch/Morbach","RP",2023-02-13,"N","Nord",1000,125,9,108,"MBI",150,1
27040,"Palmbruch/Morbach","RP",2023-02-13,"N","Nord",1000,125,10,108,"MBI",150,1
27040,"Palmbruch/Morbach","RP",2023-02-13,"E","Ost",1000,105,1,108,"MBI",150,1
27040,"Palmbruch/Morbach","RP",2023-02-13,"E","Ost",1000,105,2,108,"MBI",130,1
27040,"Palmbruch/Morbach","RP",2023-02-13,"E","Ost",1000,105,3,108,"MBI",120,0
27040,"Palmbruch/Morbach","RP",2023-02-13,"E","Ost",1000,105,4,108,"MBI",130,1
27040,"Palmbruch/Morbach","RP",2023-02-13,"E","Ost",1000,105,5,108,"MBI",140,1
27040,"Palmbruch/Morbach","RP",2023-02-13,"E","Ost",1000,105,6,108,"MBI",150,1
27040,"Palmbruch/Morbach","RP",2023-02-13,"E","Ost",1000,105,7,108,"MBI",165,1
27040,"Palmbruch/Morbach","RP",2023-02-13,"E","Ost",1000,105,8,108,"MBI",150,1
27040,"Palmbruch/Morbach","RP",2023-02-13,"E","Ost",1000,105,9,108,"MBI",150,1
27040,"Palmbruch/Morbach","RP",2023-02-13,"E","Ost",1000,105,10,108,"MBI",120,0
27040,"Palmbruch/Morbach","RP",2023-02-13,"S","Süd",1000,135,1,108,"MBI",230,1
27040,"Palmbruch/Morbach","RP",2023-02-13,"S","Süd",1000,135,2,108,"MBI",150,1
27040,"Palmbruch/Morbach","RP",2023-02-13,"S","Süd",1000,135,3,108,"MBI",150,1
27040,"Palmbruch/Morbach","RP",2023-02-13,"S","Süd",1000,135,4,108,"MBI",150,1
27040,"Palmbruch/Morbach","RP",2023-02-13,"S","Süd",1000,135,5,108,"MBI",110,0
27040,"Palmbruch/Morbach","RP",2023-02-13,"S","Süd",1000,135,6,108,"MBI",80,0
27040,"Palmbruch/Morbach","RP",2023-02-13,"S","Süd",1000,135,7,108,"MBI",150,1
27040,"Palmbruch/Morbach","RP",2023-02-13,"S","Süd",1000,135,8,108,"MBI",230,1
27040,"Palmbruch/Morbach","RP",2023-02-13,"S","Süd",1000,135,9,108,"MBI",185,1
27040,"Palmbruch/Morbach","RP",2023-02-13,"S","Süd",1000,135,10,108,"MBI",150,1
27040,"Palmbruch/Morbach","RP",2023-02-13,"W","West",1000,210,1,108,"MBI",250,1
27040,"Palmbruch/Morbach","RP",2023-02-13,"W","West",1000,210,2,108,"MBI",260,1
27040,"Palmbruch/Morbach","RP",2023-02-13,"W","West",1000,210,3,108,"MBI",200,1
27040,"Palmbruch/Morbach","RP",2023-02-13,"W","West",1000,210,4,108,"MBI",160,1
27040,"Palmbruch/Morbach","RP",2023-02-13,"W","West",1000,210,5,108,"MBI",135,1
27040,"Palmbruch/Morbach","RP",2023-02-13,"W","West",1000,210,6,108,"MBI",180,1
27040,"Palmbruch/Morbach","RP",2023-02-13,"W","West",1000,210,7,108,"MBI",190,1
27040,"Palmbruch/Morbach","RP",2023-02-13,"W","West",1000,210,8,108,"MBI",110,0
27040,"Palmbruch/Morbach","RP",2023-02-13,"W","West",1000,210,9,108,"MBI",115,0
27040,"Palmbruch/Morbach","RP",2023-02-13,"W","West",1000,210,10,108,"MBI",290,1
27011,"Landstuhler Bruch","RP",2023-02-08,"N","Nord",1000,207,1,207,"GFI",500,3
26010,"Brander Bruch/Münden","RP",2023-02-06,"N","Nord",1000,463,1,207,"GFI",215,1
26010,"Brander Bruch/Münden","RP",2023-02-06,"E","Ost",1000,376,1,121,"VBE",105,0
26010,"Brander Bruch/Münden","RP",2023-02-06,"E","Ost",1000,376,2,121,"VBE",115,0
26010,"Brander Bruch/Münden","RP",2023-02-06,"E","Ost",1000,376,3,121,"VBE",215,1
26010,"Brander Bruch/Münden","RP",2023-02-06,"E","Ost",1000,376,4,207,"GFI",50,0
26010,"Brander Bruch/Münden","RP",2023-02-06,"E","Ost",1000,376,5,121,"VBE",125,0
26010,"Brander Bruch/Münden","RP",2023-02-06,"E","Ost",1000,376,6,121,"VBE",90,0
26010,"Brander Bruch/Münden","RP",2023-02-06,"E","Ost",1000,376,7,121,"VBE",105,0
26010,"Brander Bruch/Münden","RP",2023-02-06,"E","Ost",1000,376,8,121,"VBE",85,0
26010,"Brander Bruch/Münden","RP",2023-02-06,"E","Ost",1000,376,9,121,"VBE",95,0
26010,"Brander Bruch/Münden","RP",2023-02-06,"S","Süd",1000,273,1,121,"VBE",100,0
26010,"Brander Bruch/Münden","RP",2023-02-06,"W","West",1000,313,1,207,"GFI",406,2
26020,"Ellerhorst/Münden","HE",2023-02-06,"N","Nord",1000,396,1,104,"SER",110,0
26020,"Ellerhorst/Münden","HE",2023-02-06,"N","Nord",1000,396,2,108,"MBI",70,0
26020,"Ellerhorst/Münden","HE",2023-02-06,"N","Nord",1000,396,3,104,"SER",90,0
26020,"Ellerhorst/Münden","HE",2023-02-06,"N","Nord",1000,396,4,104,"SER",80,0
26020,"Ellerhorst/Münden","HE",2023-02-06,"N","Nord",1000,396,5,104,"SER",145,1
26020,"Ellerhorst/Münden","HE",2023-02-06,"N","Nord",1000,396,6,104,"SER",60,0
26020,"Ellerhorst/Münden","HE",2023-02-06,"N","Nord",1000,396,7,111,"RBU",260,1
26020,"Ellerhorst/Münden","HE",2023-02-06,"E","Ost",1000,452,1,104,"SER",30,0
26020,"Ellerhorst/Münden","HE",2023-02-06,"E","Ost",1000,452,2,104,"SER",45,0
26020,"Ellerhorst/Münden","HE",2023-02-06,"E","Ost",1000,452,3,104,"SER",65,0
26020,"Ellerhorst/Münden","HE",2023-02-06,"E","Ost",1000,452,4,104,"SER",45,0
26020,"Ellerhorst/Münden","HE",2023-02-06,"E","Ost",1000,452,5,111,"RBU",220,1
26020,"Ellerhorst/Münden","HE",2023-02-06,"E","Ost",1000,452,6,104,"SER",60,0
26020,"Ellerhorst/Münden","HE",2023-02-06,"E","Ost",1000,452,7,104,"SER",40,0
26020,"Ellerhorst/Münden","HE",2023-02-06,"E","Ost",1000,452,8,207,"GFI",35,0
26020,"Ellerhorst/Münden","HE",2023-02-06,"E","Ost",1000,452,9,104,"SER",100,0
26020,"Ellerhorst/Münden","HE",2023-02-06,"S","Süd",1000,197,1,121,"VBE",240,1
26020,"Ellerhorst/Münden","HE",2023-02-06,"S","Süd",1000,197,2,121,"VBE",200,1
26020,"Ellerhorst/Münden","HE",2023-02-06,"S","Süd",1000,197,3,121,"VBE",315,1
26020,"Ellerhorst/Münden","HE",2023-02-06,"S","Süd",1000,197,4,121,"VBE",335,1
26020,"Ellerhorst/Münden","HE",2023-02-06,"S","Süd",1000,197,5,121,"VBE",280,1
26020,"Ellerhorst/Münden","HE",2023-02-06,"S","Süd",1000,197,6,111,"RBU",530,2
26020,"Ellerhorst/Münden","HE",2023-02-06,"S","Süd",1000,197,7,207,"GFI",30,0
26020,"Ellerhorst/Münden","HE",2023-02-06,"S","Süd",1000,197,8,121,"VBE",160,1
26020,"Ellerhorst/Münden","HE",2023-02-06,"S","Süd",1000,197,9,121,"VBE",280,1
26020,"Ellerhorst/Münden","HE",2023-02-06,"S","Süd",1000,197,10,121,"VBE",290,1
26020,"Ellerhorst/Münden","HE",2023-02-06,"W","West",1000,442,1,104,"SER",190,1
26020,"Ellerhorst/Münden","HE",2023-02-06,"W","West",1000,442,2,207,"GFI",220,1
26020,"Ellerhorst/Münden","HE",2023-02-06,"W","West",1000,442,3,104,"SER",50,0
26020,"Ellerhorst/Münden","HE",2023-02-06,"W","West",1000,442,4,104,"SER",80,0
26020,"Ellerhorst/Münden","HE",2023-02-06,"W","West",1000,442,5,207,"GFI",160,1
26020,"Ellerhorst/Münden","HE",2023-02-06,"W","West",1000,442,6,104,"SER",100,0
26020,"Ellerhorst/Münden","HE",2023-02-06,"W","West",1000,442,7,104,"SER",100,0
26020,"Ellerhorst/Münden","HE",2023-02-06,"W","West",1000,442,8,121,"VBE",180,1
26020,"Ellerhorst/Münden","HE",2023-02-06,"W","West",1000,442,9,121,"VBE",170,1
26020,"Ellerhorst/Münden","HE",2023-02-06,"W","West",1000,442,10,104,"SER",130,0
26030,"Krämersgrund/Wetter","HE",2023-02-14,"N","Nord",1000,285,1,104,"SER",80,0
26030,"Krämersgrund/Wetter","HE",2023-02-14,"N","Nord",1000,285,2,102,"BAH",75,0
26030,"Krämersgrund/Wetter","HE",2023-02-14,"N","Nord",1000,285,3,102,"BAH",105,0
26030,"Krämersgrund/Wetter","HE",2023-02-14,"N","Nord",1000,285,4,104,"SER",60,0
26030,"Krämersgrund/Wetter","HE",2023-02-14,"N","Nord",1000,285,5,102,"BAH",75,0
26030,"Krämersgrund/Wetter","HE",2023-02-14,"N","Nord",1000,285,6,104,"SER",100,0
26030,"Krämersgrund/Wetter","HE",2023-02-14,"N","Nord",1000,285,7,102,"BAH",120,0
26030,"Krämersgrund/Wetter","HE",2023-02-14,"N","Nord",1000,285,8,102,"BAH",110,0
26030,"Krämersgrund/Wetter","HE",2023-02-14,"N","Nord",1000,285,9,102,"BAH",120,0
26030,"Krämersgrund/Wetter","HE",2023-02-14,"N","Nord",1000,285,10,102,"BAH",310,1
26030,"Krämersgrund/Wetter","HE",2023-02-14,"E","Ost",1000,296,1,121,"VBE",350,1
26030,"Krämersgrund/Wetter","HE",2023-02-14,"E","Ost",1000,296,2,102,"BAH",140,1
26030,"Krämersgrund/Wetter","HE",2023-02-14,"E","Ost",1000,296,3,102,"BAH",230,1
26030,"Krämersgrund/Wetter","HE",2023-02-14,"E","Ost",1000,296,4,207,"GFI",60,0
26030,"Krämersgrund/Wetter","HE",2023-02-14,"E","Ost",1000,296,5,207,"GFI",40,0
26030,"Krämersgrund/Wetter","HE",2023-02-14,"E","Ost",1000,296,6,207,"GFI",40,0
26030,"Krämersgrund/Wetter","HE",2023-02-14,"E","Ost",1000,296,7,121,"VBE",160,1
26030,"Krämersgrund/Wetter","HE",2023-02-14,"E","Ost",1000,296,8,121,"VBE",230,1
26030,"Krämersgrund/Wetter","HE",2023-02-14,"E","Ost",1000,296,9,207,"GFI",60,0
26030,"Krämersgrund/Wetter","HE",2023-02-14,"E","Ost",1000,296,10,207,"GFI",40,0
26030,"Krämersgrund/Wetter","HE",2023-02-14,"S","Süd",1000,239,1,104,"SER",110,0
26030,"Krämersgrund/Wetter","HE",2023-02-14,"S","Süd",1000,239,2,102,"BAH",280,1
26030,"Krämersgrund/Wetter","HE",2023-02-14,"S","Süd",1000,239,3,102,"BAH",190,1
26030,"Krämersgrund/Wetter","HE",2023-02-14,"S","Süd",1000,239,4,102,"BAH",400,1
26030,"Krämersgrund/Wetter","HE",2023-02-14,"S","Süd",1000,239,5,102,"BAH",230,1
26030,"Krämersgrund/Wetter","HE",2023-02-14,"S","Süd",1000,239,6,102,"BAH",330,1
26030,"Krämersgrund/Wetter","HE",2023-02-14,"S","Süd",1000,239,7,102,"BAH",370,1
26030,"Krämersgrund/Wetter","HE",2023-02-14,"S","Süd",1000,239,8,102,"BAH",190,1
26030,"Krämersgrund/Wetter","HE",2023-02-14,"S","Süd",1000,239,9,102,"BAH",180,1
26030,"Krämersgrund/Wetter","HE",2023-02-14,"S","Süd",1000,239,10,104,"SER",140,1
26030,"Krämersgrund/Wetter","HE",2023-02-14,"W","West",1000,352,1,104,"SER",450,3
26030,"Krämersgrund/Wetter","HE",2023-02-14,"W","West",1000,352,2,102,"BAH",450,1
26030,"Krämersgrund/Wetter","HE",2023-02-14,"W","West",1000,352,3,104,"SER",50,0
26030,"Krämersgrund/Wetter","HE",2023-02-14,"W","West",1000,352,4,102,"BAH",130,1
26030,"Krämersgrund/Wetter","HE",2023-02-14,"W","West",1000,352,5,102,"BAH",90,0
26030,"Krämersgrund/Wetter","HE",2023-02-14,"W","West",1000,352,6,102,"BAH",60,0
26030,"Krämersgrund/Wetter","HE",2023-02-14,"W","West",1000,352,7,102,"BAH",60,0
26030,"Krämersgrund/Wetter","HE",2023-02-14,"W","West",1000,352,8,102,"BAH",60,0
26030,"Krämersgrund/Wetter","HE",2023-02-14,"W","West",1000,352,9,102,"BAH",60,0
26030,"Krämersgrund/Wetter","HE",2023-02-14,"W","West",1000,352,10,102,"BAH",120,0
21030,"Schwonau","SH",2023-05-01,"N","Nord",1000,426,1,102,"BAH",260,1
21030,"Schwonau","SH",2023-05-01,"N","Nord",1000,426,2,102,"BAH",450,1
21030,"Schwonau","SH",2023-05-01,"N","Nord",1000,426,3,102,"BAH",422,1
21030,"Schwonau","SH",2023-05-01,"E","Ost",1000,493,1,102,"BAH",230,1
21030,"Schwonau","SH",2023-05-01,"E","Ost",1000,493,2,102,"BAH",430,1
21030,"Schwonau","SH",2023-05-01,"E","Ost",1000,493,3,102,"BAH",70,0
21030,"Schwonau","SH",2023-05-01,"E","Ost",1000,493,4,112,"GES",130,1
21030,"Schwonau","SH",2023-05-01,"E","Ost",1000,493,5,112,"GES",128,0
21030,"Schwonau","SH",2023-05-01,"S","Süd",1000,500,1,102,"BAH",280,1
21020,"Krummsee","SH",2023-05-04,"S","Süd",1000,499,1,104,"SER",590,3
21020,"Krummsee","SH",2023-05-04,"S","Süd",1000,499,2,104,"SER",270,1
21020,"Krummsee","SH",2023-05-04,"S","Süd",1000,499,3,104,"SER",160,1
21020,"Krummsee","SH",2023-05-04,"S","Süd",1000,499,4,108,"MBI",100,0
21020,"Krummsee","SH",2023-05-04,"S","Süd",1000,499,5,104,"SER",80,0
21020,"Krummsee","SH",2023-05-04,"W","West",1000,485,1,104,"SER",170,1
21020,"Krummsee","SH",2023-05-04,"W","West",1000,485,2,108,"MBI",80,0
21020,"Krummsee","SH",2023-05-04,"W","West",1000,485,3,108,"MBI",450,2
21020,"Krummsee","SH",2023-05-04,"W","West",1000,485,4,108,"MBI",500,2
21020,"Krummsee","SH",2023-05-04,"W","West",1000,485,5,108,"MBI",200,1
21020,"Krummsee","SH",2023-05-04,"W","West",1000,485,6,104,"SER",180,1
21020,"Krummsee","SH",2023-05-04,"W","West",1000,485,7,104,"SER",80,0
21020,"Krummsee","SH",2023-05-04,"W","West",1000,485,8,104,"SER",120,0
21020,"Krummsee","SH",2023-05-04,"N","Nord",1000,405,1,104,"SER",580,1
21020,"Krummsee","SH",2023-05-04,"N","Nord",1000,405,2,120,"SWE",120,0
21020,"Krummsee","SH",2023-05-04,"N","Nord",1000,405,3,104,"SER",220,1
21020,"Krummsee","SH",2023-05-04,"N","Nord",1000,405,4,104,"SER",270,1
21020,"Krummsee","SH",2023-05-04,"N","Nord",1000,405,5,120,"SWE",450,1
21020,"Krummsee","SH",2023-05-04,"E","Ost",1000,463,1,104,"SER",180,1
21020,"Krummsee","SH",2023-05-04,"E","Ost",1000,463,2,104,"SER",170,1
21020,"Krummsee","SH",2023-05-04,"E","Ost",1000,463,3,104,"SER",120,0
21020,"Krummsee","SH",2023-05-04,"E","Ost",1000,463,4,104,"SER",90,0
21020,"Krummsee","SH",2023-05-04,"E","Ost",1000,463,5,NA,"SHA",20,0
21020,"Krummsee","SH",2023-05-04,"E","Ost",1000,463,6,104,"SER",70,0
21020,"Krummsee","SH",2023-05-04,"E","Ost",1000,463,7,102,"BAH",110,0
21020,"Krummsee","SH",2023-05-04,"E","Ost",1000,463,8,104,"SER",620,3
23061,"Wildenkiel 2","NS",2023-06-06,"N","Nord",1000,462,1,207,"GFI",20,0
23061,"Wildenkiel 2","NS",2023-06-06,"N","Nord",1000,462,2,207,"GFI",48,0
23061,"Wildenkiel 2","NS",2023-06-06,"N","Nord",1000,462,3,207,"GFI",188,1
23061,"Wildenkiel 2","NS",2023-06-06,"N","Nord",1000,462,4,207,"GFI",245,1
23061,"Wildenkiel 2","NS",2023-06-06,"N","Nord",1000,462,5,207,"GFI",172,1
23061,"Wildenkiel 2","NS",2023-06-06,"N","Nord",1000,462,6,207,"GFI",40,0
23061,"Wildenkiel 2","NS",2023-06-06,"N","Nord",1000,462,7,207,"GFI",198,1
23061,"Wildenkiel 2","NS",2023-06-06,"N","Nord",1000,462,8,108,"MBI",71,0
23061,"Wildenkiel 2","NS",2023-06-06,"E","Ost",1000,498,1,207,"GFI",27,0
23061,"Wildenkiel 2","NS",2023-06-06,"E","Ost",1000,498,2,207,"GFI",23,0
23061,"Wildenkiel 2","NS",2023-06-06,"E","Ost",1000,498,3,207,"GFI",101,0
23061,"Wildenkiel 2","NS",2023-06-06,"E","Ost",1000,498,4,207,"GFI",138,1
23061,"Wildenkiel 2","NS",2023-06-06,"E","Ost",1000,498,5,207,"GFI",24,0
23061,"Wildenkiel 2","NS",2023-06-06,"E","Ost",1000,498,6,207,"GFI",145,1
23061,"Wildenkiel 2","NS",2023-06-06,"E","Ost",1000,498,7,108,"MBI",83,0
23061,"Wildenkiel 2","NS",2023-06-06,"S","Süd",1000,369,1,207,"GFI",128,0
23061,"Wildenkiel 2","NS",2023-06-06,"S","Süd",1000,369,2,207,"GFI",105,0
23061,"Wildenkiel 2","NS",2023-06-06,"S","Süd",1000,369,3,207,"GFI",167,1
23061,"Wildenkiel 2","NS",2023-06-06,"S","Süd",1000,369,4,207,"GFI",221,1
23061,"Wildenkiel 2","NS",2023-06-06,"S","Süd",1000,369,5,207,"GFI",73,0
23061,"Wildenkiel 2","NS",2023-06-06,"S","Süd",1000,369,6,207,"GFI",134,1
23061,"Wildenkiel 2","NS",2023-06-06,"S","Süd",1000,369,7,207,"GFI",252,1
23061,"Wildenkiel 2","NS",2023-06-06,"W","West",1000,373,1,207,"GFI",110,0
23061,"Wildenkiel 2","NS",2023-06-06,"W","West",1000,373,2,207,"GFI",176,1
23061,"Wildenkiel 2","NS",2023-06-06,"W","West",1000,373,3,207,"GFI",154,1
23061,"Wildenkiel 2","NS",2023-06-06,"W","West",1000,373,4,108,"MBI",138,1
23061,"Wildenkiel 2","NS",2023-06-06,"W","West",1000,373,5,207,"GFI",114,0
23061,"Wildenkiel 2","NS",2023-06-06,"W","West",1000,373,6,121,"VBE",150,1
23061,"Wildenkiel 2","NS",2023-06-06,"W","West",1000,373,7,207,"GFI",191,1
23061,"Wildenkiel 2","NS",2023-06-06,"W","West",1000,373,8,207,"GFI",242,1
23061,"Wildenkiel 2","NS",2023-06-06,"W","West",1000,373,9,207,"GFI",91,0
23061,"Wildenkiel 2","NS",2023-06-06,"W","West",1000,373,10,108,"MBI",73,0
23060,"Wildenkiel 1","NS",2023-06-06,"N","Nord",1000,486,1,207,"GFI",20,0
23060,"Wildenkiel 1","NS",2023-06-06,"N","Nord",1000,486,2,207,"GFI",20,0
23060,"Wildenkiel 1","NS",2023-06-06,"N","Nord",1000,486,3,207,"GFI",20,0
23060,"Wildenkiel 1","NS",2023-06-06,"N","Nord",1000,486,4,207,"GFI",35,0
23060,"Wildenkiel 1","NS",2023-06-06,"E","Ost",1000,500,1,121,"VBE",21,0
23060,"Wildenkiel 1","NS",2023-06-06,"E","Ost",1000,500,2,121,"VBE",25,0
23060,"Wildenkiel 1","NS",2023-06-06,"E","Ost",1000,500,3,121,"VBE",39,0
23060,"Wildenkiel 1","NS",2023-06-06,"E","Ost",1000,500,4,121,"VBE",31,0
23060,"Wildenkiel 1","NS",2023-06-06,"E","Ost",1000,500,5,207,"GFI",37,0
23060,"Wildenkiel 1","NS",2023-06-06,"E","Ost",1000,500,6,207,"GFI",26,0
23060,"Wildenkiel 1","NS",2023-06-06,"E","Ost",1000,500,7,207,"GFI",105,0
23060,"Wildenkiel 1","NS",2023-06-06,"E","Ost",1000,500,8,207,"GFI",34,0
23060,"Wildenkiel 1","NS",2023-06-06,"E","Ost",1000,500,9,207,"GFI",45,0
23060,"Wildenkiel 1","NS",2023-06-06,"E","Ost",1000,500,10,207,"GFI",56,0
23060,"Wildenkiel 1","NS",2023-06-06,"S","Süd",1000,476,1,207,"GFI",42,0
23060,"Wildenkiel 1","NS",2023-06-06,"S","Süd",1000,476,2,207,"GFI",26,0
23060,"Wildenkiel 1","NS",2023-06-06,"S","Süd",1000,476,3,121,"VBE",55,0
23060,"Wildenkiel 1","NS",2023-06-06,"W","West",1000,480,1,121,"VBE",20,0
23060,"Wildenkiel 1","NS",2023-06-06,"W","West",1000,480,2,121,"VBE",26,0
23060,"Wildenkiel 1","NS",2023-06-06,"W","West",1000,480,3,121,"VBE",23,0
23150,"Wildenloh","NS",2023-06-29,"N","Nord",1000,463,1,207,"GFI",280,1
23150,"Wildenloh","NS",2023-06-29,"N","Nord",1000,463,2,108,"MBI",330,1
23150,"Wildenloh","NS",2023-06-29,"N","Nord",1000,463,3,108,"MBI",350,1
23150,"Wildenloh","NS",2023-06-29,"N","Nord",1000,463,4,121,"VBE",180,1
23150,"Wildenloh","NS",2023-06-29,"N","Nord",1000,463,5,108,"MBI",310,1
23150,"Wildenloh","NS",2023-06-29,"N","Nord",1000,463,6,108,"MBI",330,1
23150,"Wildenloh","NS",2023-06-29,"N","Nord",1000,463,7,108,"MBI",300,1
23150,"Wildenloh","NS",2023-06-29,"N","Nord",1000,463,8,207,"GFI",325,3
23150,"Wildenloh","NS",2023-06-29,"N","Nord",1000,463,9,108,"MBI",450,1
23150,"Wildenloh","NS",2023-06-29,"N","Nord",1000,463,10,108,"MBI",240,1
23150,"Wildenloh","NS",2023-06-29,"E","Ost",1000,487,1,108,"MBI",450,2
23150,"Wildenloh","NS",2023-06-29,"E","Ost",1000,487,2,108,"MBI",660,2
23150,"Wildenloh","NS",2023-06-29,"E","Ost",1000,487,3,207,"GFI",220,1
23150,"Wildenloh","NS",2023-06-29,"E","Ost",1000,487,4,108,"MBI",360,1
23150,"Wildenloh","NS",2023-06-29,"E","Ost",1000,487,5,108,"MBI",160,1
23150,"Wildenloh","NS",2023-06-29,"E","Ost",1000,487,6,207,"GFI",490,3
23150,"Wildenloh","NS",2023-06-29,"S","Süd",1000,461,1,108,"MBI",360,3
23150,"Wildenloh","NS",2023-06-29,"S","Süd",1000,461,2,207,"GFI",220,1
23150,"Wildenloh","NS",2023-06-29,"S","Süd",1000,461,3,207,"GFI",210,1
23150,"Wildenloh","NS",2023-06-29,"W","West",1000,496,1,207,"GFI",270,1
23150,"Wildenloh","NS",2023-06-29,"W","West",1000,496,2,207,"GFI",160,1
23150,"Wildenloh","NS",2023-06-29,"W","West",1000,496,3,108,"MBI",280,1
23150,"Wildenloh","NS",2023-06-29,"W","West",1000,496,4,235,"STR",510,2
23150,"Wildenloh","NS",2023-06-29,"W","West",1000,496,5,207,"GFI",130,1
23150,"Wildenloh","NS",2023-06-29,"W","West",1000,496,6,108,"MBI",60,0
23150,"Wildenloh","NS",2023-06-29,"W","West",1000,496,7,235,"STR",200,1
23150,"Wildenloh","NS",2023-06-29,"W","West",1000,496,8,108,"MBI",320,1
23150,"Wildenloh","NS",2023-06-29,"W","West",1000,496,9,108,"MBI",270,1
23150,"Wildenloh","NS",2023-06-29,"W","West",1000,496,10,207,"GFI",110,0
23170,"Holzurburg","NS",2023-06-28,"N","Nord",1000,499,1,207,"GKI",180,1
23170,"Holzurburg","NS",2023-06-28,"N","Nord",1000,499,2,108,"MBI",390,1
23170,"Holzurburg","NS",2023-06-28,"N","Nord",1000,499,3,108,"MBI",430,1
23170,"Holzurburg","NS",2023-06-28,"N","Nord",1000,499,4,108,"MBI",510,2
23170,"Holzurburg","NS",2023-06-28,"N","Nord",1000,499,5,108,"MBI",390,1
23170,"Holzurburg","NS",2023-06-28,"N","Nord",1000,499,6,108,"MBI",520,1
23170,"Holzurburg","NS",2023-06-28,"N","Nord",1000,499,7,108,"MBI",520,2
23170,"Holzurburg","NS",2023-06-28,"N","Nord",1000,499,8,108,"MBI",260,1
23170,"Holzurburg","NS",2023-06-28,"E","Ost",1000,452,1,108,"MBI",530,1
23170,"Holzurburg","NS",2023-06-28,"E","Ost",1000,452,2,207,"GKI",140,1
23170,"Holzurburg","NS",2023-06-28,"S","Süd",1000,378,1,207,"GKI",60,0
23170,"Holzurburg","NS",2023-06-28,"S","Süd",1000,378,2,207,"GKI",130,1
23170,"Holzurburg","NS",2023-06-28,"S","Süd",1000,378,3,207,"GKI",260,1
23170,"Holzurburg","NS",2023-06-28,"S","Süd",1000,378,4,108,"MBI",150,1
23170,"Holzurburg","NS",2023-06-28,"S","Süd",1000,378,5,108,"MBI",350,1
23170,"Holzurburg","NS",2023-06-28,"S","Süd",1000,378,6,108,"MBI",550,2
23170,"Holzurburg","NS",2023-06-28,"S","Süd",1000,378,7,108,"MBI",340,1
23170,"Holzurburg","NS",2023-06-28,"S","Süd",1000,378,8,108,"MBI",340,1
23170,"Holzurburg","NS",2023-06-28,"S","Süd",1000,378,9,207,"GKI",90,0
23170,"Holzurburg","NS",2023-06-28,"S","Süd",1000,378,10,108,"MBI",500,1
23170,"Holzurburg","NS",2023-06-28,"W","West",1000,499,1,108,"MBI",450,3
23170,"Holzurburg","NS",2023-06-28,"W","West",1000,499,2,207,"GKI",130,1
23170,"Holzurburg","NS",2023-06-28,"W","West",1000,499,3,207,"GKI",90,0
23170,"Holzurburg","NS",2023-06-28,"W","West",1000,499,4,207,"GKI",140,1
23170,"Holzurburg","NS",2023-06-28,"W","West",1000,499,5,108,"MBI",370,1
23170,"Holzurburg","NS",2023-06-28,"W","West",1000,499,6,211,"GKI",450,1
25100,"Ebbemoor","NRW",2023-07-04,"N","Nord",1000,499,1,207,"GFI",160,1
25100,"Ebbemoor","NRW",2023-07-04,"N","Nord",1000,499,2,104,"SER",120,0
25100,"Ebbemoor","NRW",2023-07-04,"E","Ost",1000,476,1,108,"MBI",50,0
25100,"Ebbemoor","NRW",2023-07-04,"E","Ost",1000,476,2,104,"SER",90,0
25100,"Ebbemoor","NRW",2023-07-04,"E","Ost",1000,476,3,104,"SER",130,1
25100,"Ebbemoor","NRW",2023-07-04,"E","Ost",1000,476,4,104,"SER",140,1
25100,"Ebbemoor","NRW",2023-07-04,"E","Ost",1000,476,5,104,"SER",120,0
25100,"Ebbemoor","NRW",2023-07-04,"S","Süd",1000,469,1,104,"SER",450,3
25100,"Ebbemoor","NRW",2023-07-04,"S","Süd",1000,469,2,104,"SER",150,1
25100,"Ebbemoor","NRW",2023-07-04,"W","West",1000,432,1,207,"GFI",380,2
25100,"Ebbemoor","NRW",2023-07-04,"W","West",1000,432,2,104,"SER",320,2
25100,"Ebbemoor","NRW",2023-07-04,"W","West",1000,432,3,207,"GFI",180,1
25100,"Ebbemoor","NRW",2023-07-04,"W","West",1000,432,4,207,"GFI",120,0
25100,"Ebbemoor","NRW",2023-07-04,"W","West",1000,432,5,207,"GFI",140,1
25100,"Ebbemoor","NRW",2023-07-04,"W","West",1000,432,6,207,"GFI",140,1
25100,"Ebbemoor","NRW",2023-07-04,"W","West",1000,432,7,207,"GFI",160,1
25100,"Ebbemoor","NRW",2023-07-04,"W","West",1000,432,8,207,"GFI",200,1
25100,"Ebbemoor","NRW",2023-07-04,"W","West",1000,432,9,207,"GFI",170,1
25100,"Ebbemoor","NRW",2023-07-04,"W","West",1000,432,10,207,"GFI",90,0
25080,"Warstein 1","NRW",2023-07-03,"N","Nord",1000,137,1,207,"GFI",70,0
25080,"Warstein 1","NRW",2023-07-03,"N","Nord",1000,137,2,207,"GFI",90,0
25080,"Warstein 1","NRW",2023-07-03,"N","Nord",1000,137,3,207,"GFI",50,0
25080,"Warstein 1","NRW",2023-07-03,"N","Nord",1000,137,4,207,"GFI",60,0
25080,"Warstein 1","NRW",2023-07-03,"N","Nord",1000,137,5,207,"GFI",105,0
25080,"Warstein 1","NRW",2023-07-03,"N","Nord",1000,137,6,207,"GFI",80,0
25080,"Warstein 1","NRW",2023-07-03,"N","Nord",1000,137,7,207,"GFI",70,0
25080,"Warstein 1","NRW",2023-07-03,"N","Nord",1000,137,8,207,"GFI",100,0
25080,"Warstein 1","NRW",2023-07-03,"N","Nord",1000,137,9,207,"GFI",110,0
25080,"Warstein 1","NRW",2023-07-03,"N","Nord",1000,137,10,107,"SBI",500,1
25080,"Warstein 1","NRW",2023-07-03,"E","Ost",1000,200,1,207,"GFI",85,0
25080,"Warstein 1","NRW",2023-07-03,"E","Ost",1000,200,2,207,"GFI",65,0
25080,"Warstein 1","NRW",2023-07-03,"E","Ost",1000,200,3,107,"SBI",120,0
25080,"Warstein 1","NRW",2023-07-03,"E","Ost",1000,200,4,107,"SBI",100,0
25080,"Warstein 1","NRW",2023-07-03,"E","Ost",1000,200,5,207,"GFI",145,1
25080,"Warstein 1","NRW",2023-07-03,"E","Ost",1000,200,6,107,"SBI",360,1
25080,"Warstein 1","NRW",2023-07-03,"E","Ost",1000,200,7,207,"GFI",70,0
25080,"Warstein 1","NRW",2023-07-03,"E","Ost",1000,200,8,107,"SBI",280,1
25080,"Warstein 1","NRW",2023-07-03,"E","Ost",1000,200,9,207,"GFI",90,0
25080,"Warstein 1","NRW",2023-07-03,"E","Ost",1000,200,10,107,"SBI",290,1
25080,"Warstein 1","NRW",2023-07-03,"S","Süd",1000,313,1,207,"GFI",120,0
25080,"Warstein 1","NRW",2023-07-03,"S","Süd",1000,313,2,207,"GFI",160,1
25080,"Warstein 1","NRW",2023-07-03,"S","Süd",1000,313,3,207,"GFI",50,0
25080,"Warstein 1","NRW",2023-07-03,"S","Süd",1000,313,4,107,"SBI",450,1
25080,"Warstein 1","NRW",2023-07-03,"S","Süd",1000,313,5,107,"SBI",310,1
25080,"Warstein 1","NRW",2023-07-03,"S","Süd",1000,313,6,107,"SBI",200,1
25080,"Warstein 1","NRW",2023-07-03,"S","Süd",1000,313,7,107,"SBI",390,1
25080,"Warstein 1","NRW",2023-07-03,"S","Süd",1000,313,8,207,"GFI",145,1
25080,"Warstein 1","NRW",2023-07-03,"S","Süd",1000,313,9,207,"GFI",60,0
25080,"Warstein 1","NRW",2023-07-03,"S","Süd",1000,313,10,207,"GFI",220,1
25080,"Warstein 1","NRW",2023-07-03,"W","West",1000,297,1,207,"GFI",50,0
25080,"Warstein 1","NRW",2023-07-03,"W","West",1000,297,2,207,"GFI",40,0
25080,"Warstein 1","NRW",2023-07-03,"W","West",1000,297,3,207,"GFI",50,0
25080,"Warstein 1","NRW",2023-07-03,"W","West",1000,297,4,207,"GFI",170,1
25080,"Warstein 1","NRW",2023-07-03,"W","West",1000,297,5,107,"SBI",240,1
25080,"Warstein 1","NRW",2023-07-03,"W","West",1000,297,6,207,"GFI",70,0
25080,"Warstein 1","NRW",2023-07-03,"W","West",1000,297,7,207,"GFI",40,0
25080,"Warstein 1","NRW",2023-07-03,"W","West",1000,297,8,207,"GFI",45,0
25080,"Warstein 1","NRW",2023-07-03,"W","West",1000,297,9,111,"RBU",90,0
25080,"Warstein 1","NRW",2023-07-03,"W","West",1000,297,10,121,"VBE",80,0
33300,"Buchenhorst","MV",NA,"N","Nord",1000,359,1,104,"SER",160,1
33300,"Buchenhorst","MV",NA,"N","Nord",1000,359,2,NA,"FLB",85,0
33300,"Buchenhorst","MV",NA,"N","Nord",1000,359,3,134,"FLU",42,0
33300,"Buchenhorst","MV",NA,"N","Nord",1000,359,4,134,"FLU",62,0
33300,"Buchenhorst","MV",NA,"N","Nord",1000,359,5,134,"FLU",39,0
33300,"Buchenhorst","MV",NA,"E","Ost",1000,380,1,104,"SER",500,1
33300,"Buchenhorst","MV",NA,"E","Ost",1000,380,2,104,"SER",800,3
33300,"Buchenhorst","MV",NA,"E","Ost",1000,380,3,104,"SER",420,1
33300,"Buchenhorst","MV",NA,"E","Ost",1000,380,4,104,"SER",300,1
33300,"Buchenhorst","MV",NA,"E","Ost",1000,380,5,104,"SER",200,1
33300,"Buchenhorst","MV",NA,"S","Süd",1000,270,1,104,"SER",205,1
33300,"Buchenhorst","MV",NA,"S","Süd",1000,270,2,104,"SER",900,2
33300,"Buchenhorst","MV",NA,"S","Süd",1000,270,3,104,"SER",200,1
33300,"Buchenhorst","MV",NA,"S","Süd",1000,270,4,134,"FLU",24,0
33300,"Buchenhorst","MV",NA,"S","Süd",1000,270,5,134,"FLU",27,0
33300,"Buchenhorst","MV",NA,"S","Süd",1000,270,6,108,"MBI",700,2
33300,"Buchenhorst","MV",NA,"W","West",1000,330,1,134,"FLU",28,0
33300,"Buchenhorst","MV",NA,"W","West",1000,330,2,104,"SER",500,3
33300,"Buchenhorst","MV",NA,"W","West",1000,330,3,104,"SER",400,1
33300,"Buchenhorst","MV",NA,"W","West",1000,330,4,104,"SER",800,3
33300,"Buchenhorst","MV",NA,"W","West",1000,330,5,134,"FLU",160,0
33300,"Buchenhorst","MV",NA,"W","West",1000,330,6,104,"SER",300,1
33300,"Buchenhorst","MV",NA,"W","West",1000,330,7,112,"GES",500,2
33300,"Buchenhorst","MV",NA,"W","West",1000,330,8,134,"FLU",78,0
33300,"Buchenhorst","MV",NA,"W","West",1000,330,9,134,"FLU",80,0
33300,"Buchenhorst","MV",NA,"W","West",1000,330,10,NA,"FLB",260,1
33300,"Buchenhorst","MV",NA,"N","Nord",1000,400,1,104,"SER",250,1
33300,"Buchenhorst","MV",NA,"N","Nord",1000,400,2,104,"SER",105,0
33300,"Buchenhorst","MV",NA,"N","Nord",1000,400,3,104,"SER",85,0
33300,"Buchenhorst","MV",NA,"N","Nord",1000,400,4,NA,"FLB",340,1
33300,"Buchenhorst","MV",NA,"N","Nord",1000,400,5,134,"FLU",78,0
33300,"Buchenhorst","MV",NA,"N","Nord",1000,400,6,134,"FLU",130,1
33300,"Buchenhorst","MV",NA,"N","Nord",1000,400,7,104,"SER",95,0
33300,"Buchenhorst","MV",NA,"E","Ost",1000,400,1,104,"SER",195,1
33300,"Buchenhorst","MV",NA,"E","Ost",1000,400,2,104,"SER",400,1
33300,"Buchenhorst","MV",NA,"E","Ost",1000,400,3,104,"SER",380,1
33300,"Buchenhorst","MV",NA,"E","Ost",1000,400,4,104,"SER",400,3
33300,"Buchenhorst","MV",NA,"E","Ost",1000,400,5,NA,"FLB",100,0
33300,"Buchenhorst","MV",NA,"E","Ost",1000,400,6,104,"SER",75,0
33300,"Buchenhorst","MV",NA,"E","Ost",1000,400,7,134,"FLU",105,0
33300,"Buchenhorst","MV",NA,"E","Ost",1000,400,8,104,"SER",250,1
33300,"Buchenhorst","MV",NA,"S","Süd",1000,400,1,111,"RBU",26,0
33300,"Buchenhorst","MV",NA,"S","Süd",1000,400,2,111,"RBU",20,0
33300,"Buchenhorst","MV",NA,"S","Süd",1000,400,3,104,"SER",700,2
33300,"Buchenhorst","MV",NA,"S","Süd",1000,400,4,111,"RBU",21,0
33300,"Buchenhorst","MV",NA,"S","Süd",1000,400,5,104,"SER",250,1
33300,"Buchenhorst","MV",NA,"S","Süd",1000,400,6,NA,"WEI",80,0
33300,"Buchenhorst","MV",NA,"S","Süd",1000,400,7,NA,"FLB",300,1
33300,"Buchenhorst","MV",NA,"S","Süd",1000,400,8,104,"SER",60,0
33300,"Buchenhorst","MV",NA,"S","Süd",1000,400,9,104,"SER",82,0
33300,"Buchenhorst","MV",NA,"S","Süd",1000,400,10,104,"SER",84,0
33300,"Buchenhorst","MV",NA,"W","West",1000,340,1,134,"FLU",135,1
33300,"Buchenhorst","MV",NA,"W","West",1000,340,2,112,"GES",700,2
33300,"Buchenhorst","MV",NA,"W","West",1000,340,3,117,"SEI",27,0
28040,"Hockenheimer Rheinbogen","BW",2023-08-09,"N","Nord",1000,429,1,104,"SER",1050,3
28040,"Hockenheimer Rheinbogen","BW",2023-08-09,"E","Ost",1000,491,1,104,"SER",200,1
28040,"Hockenheimer Rheinbogen","BW",2023-08-09,"E","Ost",1000,491,2,104,"SER",340,1
28040,"Hockenheimer Rheinbogen","BW",2023-08-09,"E","Ost",1000,491,3,123,"WLI",550,2
28040,"Hockenheimer Rheinbogen","BW",2023-08-09,"E","Ost",1000,491,4,123,"WLI",410,1
28040,"Hockenheimer Rheinbogen","BW",2023-08-09,"E","Ost",1000,491,5,123,"WLI",480,2
28040,"Hockenheimer Rheinbogen","BW",2023-08-09,"E","Ost",1000,491,6,123,"WLI",270,1
28040,"Hockenheimer Rheinbogen","BW",2023-08-09,"E","Ost",1000,491,7,123,"WLI",340,1
28040,"Hockenheimer Rheinbogen","BW",2023-08-09,"E","Ost",1000,491,8,123,"WLI",220,1
28040,"Hockenheimer Rheinbogen","BW",2023-08-09,"E","Ost",1000,491,9,123,"WLI",340,1
28040,"Hockenheimer Rheinbogen","BW",2023-08-09,"E","Ost",1000,491,10,104,"SER",260,1
28040,"Hockenheimer Rheinbogen","BW",2023-08-09,"S","Süd",1000,467,1,145,"SWE",230,1
28040,"Hockenheimer Rheinbogen","BW",2023-08-09,"S","Süd",1000,467,2,104,"SER",810,3
28040,"Hockenheimer Rheinbogen","BW",2023-08-09,"S","Süd",1000,467,3,104,"SER",450,2
28040,"Hockenheimer Rheinbogen","BW",2023-08-09,"S","Süd",1000,467,4,104,"SER",180,1
28040,"Hockenheimer Rheinbogen","BW",2023-08-09,"W","West",1000,319,1,104,"SER",450,3
28040,"Hockenheimer Rheinbogen","BW",2023-08-09,"W","West",1000,319,2,104,"SER",190,1
28040,"Hockenheimer Rheinbogen","BW",2023-08-09,"W","West",1000,319,3,104,"SER",700,3
28040,"Hockenheimer Rheinbogen","BW",2023-08-09,"W","West",1000,319,4,104,"SER",840,3
28040,"Hockenheimer Rheinbogen","BW",2023-08-09,"W","West",1000,319,5,104,"SER",720,1
28040,"Hockenheimer Rheinbogen","BW",2023-08-09,"W","West",1000,319,6,104,"SER",520,2
28040,"Hockenheimer Rheinbogen","BW",2023-08-09,"W","West",1000,319,7,104,"SER",520,1
28040,"Hockenheimer Rheinbogen","BW",2023-08-09,"W","West",1000,319,8,104,"SER",730,1
36041,"Sommerbachskopf 2","TH",2023-08-22,"N","Nord",1000,480,1,207,"GFI",120,0
36041,"Sommerbachskopf 2","TH",2023-08-22,"N","Nord",1000,480,2,207,"GFI",100,0
36041,"Sommerbachskopf 2","TH",2023-08-22,"N","Nord",1000,480,3,207,"GFI",95,0
36041,"Sommerbachskopf 2","TH",2023-08-22,"N","Nord",1000,480,4,207,"GFI",70,0
36041,"Sommerbachskopf 2","TH",2023-08-22,"N","Nord",1000,480,5,207,"GFI",390,3
36041,"Sommerbachskopf 2","TH",2023-08-22,"N","Nord",1000,480,6,207,"GFI",360,3
36041,"Sommerbachskopf 2","TH",2023-08-22,"N","Nord",1000,480,7,207,"GFI",85,0
36041,"Sommerbachskopf 2","TH",2023-08-22,"N","Nord",1000,480,8,207,"GFI",70,0
36041,"Sommerbachskopf 2","TH",2023-08-22,"S","Süd",1000,373,1,207,"GFI",45,0
36041,"Sommerbachskopf 2","TH",2023-08-22,"S","Süd",1000,373,2,207,"GFI",20,0
36041,"Sommerbachskopf 2","TH",2023-08-22,"S","Süd",1000,373,3,207,"GFI",20,0
36041,"Sommerbachskopf 2","TH",2023-08-22,"S","Süd",1000,373,4,207,"GFI",30,0
36041,"Sommerbachskopf 2","TH",2023-08-22,"S","Süd",1000,373,5,207,"GFI",20,0
36041,"Sommerbachskopf 2","TH",2023-08-22,"S","Süd",1000,373,6,121,"VBE",20,0
36041,"Sommerbachskopf 2","TH",2023-08-22,"S","Süd",1000,373,7,121,"VBE",20,0
36041,"Sommerbachskopf 2","TH",2023-08-22,"S","Süd",1000,373,8,121,"VBE",25,0
36041,"Sommerbachskopf 2","TH",2023-08-22,"W","West",1000,368,1,207,"GFI",30,0
36041,"Sommerbachskopf 2","TH",2023-08-22,"W","West",1000,368,2,207,"GFI",35,0
36041,"Sommerbachskopf 2","TH",2023-08-22,"W","West",1000,368,3,207,"GFI",20,0
36041,"Sommerbachskopf 2","TH",2023-08-22,"W","West",1000,368,4,207,"GFI",200,1
36041,"Sommerbachskopf 2","TH",2023-08-22,"W","West",1000,368,5,207,"GFI",230,1
36041,"Sommerbachskopf 2","TH",2023-08-22,"W","West",1000,368,6,207,"GFI",205,1
36041,"Sommerbachskopf 2","TH",2023-08-22,"W","West",1000,368,7,207,"GFI",35,0
36041,"Sommerbachskopf 2","TH",2023-08-22,"W","West",1000,368,8,207,"GFI",25,0
36041,"Sommerbachskopf 2","TH",2023-08-22,"W","West",1000,368,9,207,"GFI",30,0
36041,"Sommerbachskopf 2","TH",2023-08-22,"W","West",1000,368,10,207,"GFI",30,0
36010,"Siegmundsburg","TH",2023-08-23,"N","Nord",1000,230,1,207,"GFI",30,0
36010,"Siegmundsburg","TH",2023-08-23,"N","Nord",1000,230,2,121,"VBE",40,0
36010,"Siegmundsburg","TH",2023-08-23,"N","Nord",1000,230,3,207,"GFI",20,0
36010,"Siegmundsburg","TH",2023-08-23,"N","Nord",1000,230,4,207,"GFI",40,0
36010,"Siegmundsburg","TH",2023-08-23,"N","Nord",1000,230,5,207,"GFI",70,0
36010,"Siegmundsburg","TH",2023-08-23,"N","Nord",1000,230,6,207,"GFI",65,0
36010,"Siegmundsburg","TH",2023-08-23,"N","Nord",1000,230,7,207,"GFI",50,0
36010,"Siegmundsburg","TH",2023-08-23,"N","Nord",1000,230,8,207,"GFI",70,0
36010,"Siegmundsburg","TH",2023-08-23,"N","Nord",1000,230,9,207,"GFI",45,0
36010,"Siegmundsburg","TH",2023-08-23,"N","Nord",1000,230,10,207,"GFI",35,0
36010,"Siegmundsburg","TH",2023-08-23,"E","Ost",1000,212,1,121,"VBE",60,0
36010,"Siegmundsburg","TH",2023-08-23,"E","Ost",1000,212,2,121,"VBE",60,0
36010,"Siegmundsburg","TH",2023-08-23,"E","Ost",1000,212,3,121,"VBE",55,0
36010,"Siegmundsburg","TH",2023-08-23,"E","Ost",1000,212,4,121,"VBE",35,0
36010,"Siegmundsburg","TH",2023-08-23,"E","Ost",1000,212,5,121,"VBE",35,0
36010,"Siegmundsburg","TH",2023-08-23,"E","Ost",1000,212,6,121,"VBE",55,0
36010,"Siegmundsburg","TH",2023-08-23,"E","Ost",1000,212,7,121,"VBE",40,0
36010,"Siegmundsburg","TH",2023-08-23,"E","Ost",1000,212,8,121,"VBE",40,0
36010,"Siegmundsburg","TH",2023-08-23,"E","Ost",1000,212,9,121,"VBE",40,0
36010,"Siegmundsburg","TH",2023-08-23,"E","Ost",1000,212,10,121,"VBE",40,0
36010,"Siegmundsburg","TH",2023-08-23,"S","Süd",1000,205,1,207,"GFI",30,0
36010,"Siegmundsburg","TH",2023-08-23,"S","Süd",1000,205,2,121,"VBE",30,0
36010,"Siegmundsburg","TH",2023-08-23,"S","Süd",1000,205,3,121,"VBE",80,0
36010,"Siegmundsburg","TH",2023-08-23,"S","Süd",1000,205,4,121,"VBE",80,0
36010,"Siegmundsburg","TH",2023-08-23,"S","Süd",1000,205,5,207,"GFI",35,0
36010,"Siegmundsburg","TH",2023-08-23,"S","Süd",1000,205,6,207,"GFI",60,0
36010,"Siegmundsburg","TH",2023-08-23,"S","Süd",1000,205,7,207,"GFI",55,0
36010,"Siegmundsburg","TH",2023-08-23,"S","Süd",1000,205,8,207,"GFI",50,0
36010,"Siegmundsburg","TH",2023-08-23,"S","Süd",1000,205,9,207,"GFI",65,0
36010,"Siegmundsburg","TH",2023-08-23,"S","Süd",1000,205,10,207,"GFI",30,0
36010,"Siegmundsburg","TH",2023-08-23,"W","West",1000,175,1,207,"GFI",40,0
36010,"Siegmundsburg","TH",2023-08-23,"W","West",1000,175,2,207,"GFI",45,0
36010,"Siegmundsburg","TH",2023-08-23,"W","West",1000,175,3,207,"GFI",50,0
36010,"Siegmundsburg","TH",2023-08-23,"W","West",1000,175,4,207,"GFI",30,0
36010,"Siegmundsburg","TH",2023-08-23,"W","West",1000,175,5,207,"GFI",55,0
36010,"Siegmundsburg","TH",2023-08-23,"W","West",1000,175,6,207,"GFI",35,0
36010,"Siegmundsburg","TH",2023-08-23,"W","West",1000,175,7,207,"GFI",40,0
36010,"Siegmundsburg","TH",2023-08-23,"W","West",1000,175,8,207,"GFI",45,0
36010,"Siegmundsburg","TH",2023-08-23,"W","West",1000,175,9,207,"GFI",50,0
36010,"Siegmundsburg","TH",2023-08-23,"W","West",1000,175,10,121,"VBE",55,0
23110,"Brambosteler Moor","NS",2023-09-12,"N","Nord",1000,275,1,207,"GFI",50,0
23110,"Brambosteler Moor","NS",2023-09-12,"N","Nord",1000,275,2,207,"GFI",110,0
23110,"Brambosteler Moor","NS",2023-09-12,"N","Nord",1000,275,3,121,"VBE",80,0
23110,"Brambosteler Moor","NS",2023-09-12,"N","Nord",1000,275,4,153,"STK",105,0
23110,"Brambosteler Moor","NS",2023-09-12,"N","Nord",1000,275,5,153,"STK",85,0
23110,"Brambosteler Moor","NS",2023-09-12,"N","Nord",1000,275,6,153,"STK",60,0
23110,"Brambosteler Moor","NS",2023-09-12,"N","Nord",1000,275,7,108,"MBI",115,0
23110,"Brambosteler Moor","NS",2023-09-12,"N","Nord",1000,275,8,108,"MBI",90,0
23110,"Brambosteler Moor","NS",2023-09-12,"N","Nord",1000,275,9,117,"SEI",65,0
23110,"Brambosteler Moor","NS",2023-09-12,"N","Nord",1000,275,10,207,"GFI",50,0
23110,"Brambosteler Moor","NS",2023-09-12,"E","Ost",1000,450,1,108,"MBI",50,0
23110,"Brambosteler Moor","NS",2023-09-12,"E","Ost",1000,450,2,108,"MBI",50,0
23110,"Brambosteler Moor","NS",2023-09-12,"E","Ost",1000,450,3,108,"MBI",100,0
23110,"Brambosteler Moor","NS",2023-09-12,"E","Ost",1000,450,4,108,"MBI",95,0
23110,"Brambosteler Moor","NS",2023-09-12,"E","Ost",1000,450,5,108,"MBI",100,0
23110,"Brambosteler Moor","NS",2023-09-12,"E","Ost",1000,450,6,207,"GFI",95,0
23110,"Brambosteler Moor","NS",2023-09-12,"E","Ost",1000,450,7,108,"MBI",160,1
23110,"Brambosteler Moor","NS",2023-09-12,"E","Ost",1000,450,8,108,"MBI",420,1
23110,"Brambosteler Moor","NS",2023-09-12,"E","Ost",1000,450,9,108,"MBI",270,1
23110,"Brambosteler Moor","NS",2023-09-12,"E","Ost",1000,450,10,108,"MBI",160,1
23110,"Brambosteler Moor","NS",2023-09-12,"S","Süd",1000,350,1,108,"MBI",450,1
23110,"Brambosteler Moor","NS",2023-09-12,"S","Süd",1000,350,2,108,"MBI",130,1
23110,"Brambosteler Moor","NS",2023-09-12,"S","Süd",1000,350,3,108,"MBI",150,1
23110,"Brambosteler Moor","NS",2023-09-12,"S","Süd",1000,350,4,207,"GFI",20,0
23110,"Brambosteler Moor","NS",2023-09-12,"S","Süd",1000,350,5,108,"MBI",400,1
23110,"Brambosteler Moor","NS",2023-09-12,"S","Süd",1000,350,6,108,"MBI",320,1
23110,"Brambosteler Moor","NS",2023-09-12,"S","Süd",1000,350,7,108,"MBI",140,1
23110,"Brambosteler Moor","NS",2023-09-12,"S","Süd",1000,350,8,108,"MBI",150,1
23110,"Brambosteler Moor","NS",2023-09-12,"S","Süd",1000,350,9,108,"MBI",130,1
23110,"Brambosteler Moor","NS",2023-09-12,"S","Süd",1000,350,10,108,"MBI",160,1
23110,"Brambosteler Moor","NS",2023-09-12,"W","West",1000,493,1,NA,"FLB",90,0
23110,"Brambosteler Moor","NS",2023-09-12,"W","West",1000,493,2,108,"MBI",100,0
23110,"Brambosteler Moor","NS",2023-09-12,"W","West",1000,493,3,121,"VBE",50,0
23110,"Brambosteler Moor","NS",2023-09-12,"W","West",1000,493,4,108,"MBI",85,0
23110,"Brambosteler Moor","NS",2023-09-12,"W","West",1000,493,5,108,"MBI",190,1
23110,"Brambosteler Moor","NS",2023-09-12,"W","West",1000,493,6,108,"MBI",90,0
23110,"Brambosteler Moor","NS",2023-09-12,"W","West",1000,493,7,207,"GFI",110,0
23110,"Brambosteler Moor","NS",2023-09-12,"W","West",1000,493,8,207,"GFI",40,0
23110,"Brambosteler Moor","NS",2023-09-12,"W","West",1000,493,9,153,"STK",110,0
36020,"Hermsdorf","TH",2024-04-23,"N","Nord",1000,388,1,211,"GKI",47,0
36020,"Hermsdorf","TH",2024-04-23,"N","Nord",1000,388,2,211,"GKI",80,0
36020,"Hermsdorf","TH",2024-04-23,"N","Nord",1000,388,3,211,"GKI",20,0
36020,"Hermsdorf","TH",2024-04-23,"N","Nord",1000,388,4,211,"GKI",40,0
36020,"Hermsdorf","TH",2024-04-23,"N","Nord",1000,388,5,211,"GKI",20,0
36020,"Hermsdorf","TH",2024-04-23,"N","Nord",1000,388,6,211,"GKI",30,0
36020,"Hermsdorf","TH",2024-04-23,"N","Nord",1000,388,7,211,"GKI",40,0
36020,"Hermsdorf","TH",2024-04-23,"N","Nord",1000,388,8,211,"GKI",20,0
36020,"Hermsdorf","TH",2024-04-23,"N","Nord",1000,388,9,211,"GKI",30,0
36020,"Hermsdorf","TH",2024-04-23,"N","Nord",1000,388,10,211,"GKI",20,0
36020,"Hermsdorf","TH",2024-04-23,"E","Ost",1000,493,1,211,"GKI",60,0
36020,"Hermsdorf","TH",2024-04-23,"E","Ost",1000,493,2,211,"GKI",60,0
36020,"Hermsdorf","TH",2024-04-23,"E","Ost",1000,493,3,211,"GKI",225,1
36020,"Hermsdorf","TH",2024-04-23,"E","Ost",1000,493,4,211,"GKI",180,1
36020,"Hermsdorf","TH",2024-04-23,"E","Ost",1000,493,5,211,"GKI",35,0
36020,"Hermsdorf","TH",2024-04-23,"E","Ost",1000,493,6,107,"SBI",30,0
36020,"Hermsdorf","TH",2024-04-23,"E","Ost",1000,493,7,107,"SBI",50,0
36020,"Hermsdorf","TH",2024-04-23,"S","Süd",1000,498,1,211,"GKI",90,0
36020,"Hermsdorf","TH",2024-04-23,"S","Süd",1000,498,2,211,"GKI",110,0
36020,"Hermsdorf","TH",2024-04-23,"S","Süd",1000,498,3,211,"GKI",320,1
36020,"Hermsdorf","TH",2024-04-23,"S","Süd",1000,498,4,211,"GKI",165,1
36020,"Hermsdorf","TH",2024-04-23,"S","Süd",1000,498,5,211,"GKI",180,1
36020,"Hermsdorf","TH",2024-04-23,"S","Süd",1000,498,6,207,"GFI",80,0
36020,"Hermsdorf","TH",2024-04-23,"S","Süd",1000,498,7,211,"GKI",175,1
36020,"Hermsdorf","TH",2024-04-23,"S","Süd",1000,498,8,211,"GKI",140,1
36020,"Hermsdorf","TH",2024-04-23,"S","Süd",1000,498,9,211,"GKI",140,1
36020,"Hermsdorf","TH",2024-04-23,"S","Süd",1000,498,10,107,"SBI",190,1
36020,"Hermsdorf","TH",2024-04-23,"W","West",1000,475,1,211,"GKI",30,0
36020,"Hermsdorf","TH",2024-04-23,"W","West",1000,475,2,211,"GKI",40,0
36020,"Hermsdorf","TH",2024-04-23,"W","West",1000,475,3,211,"GKI",40,0
36020,"Hermsdorf","TH",2024-04-23,"W","West",1000,475,4,211,"GKI",35,0
36020,"Hermsdorf","TH",2024-04-23,"W","West",1000,475,5,211,"GKI",35,0
36020,"Hermsdorf","TH",2024-04-23,"W","West",1000,475,6,211,"GKI",35,0
36020,"Hermsdorf","TH",2024-04-23,"W","West",1000,475,7,211,"GKI",90,0
36020,"Hermsdorf","TH",2024-04-23,"W","West",1000,475,8,211,"GKI",20,0
36020,"Hermsdorf","TH",2024-04-23,"W","West",1000,475,9,211,"GKI",25,0
36020,"Hermsdorf","TH",2024-04-23,"W","West",1000,475,10,211,"GKI",25,0
28100,"Wurzacher Ried","BW",2024-06-04,"N","Nord",1000,NA,1,207,"GFI",115,0
28100,"Wurzacher Ried","BW",2024-06-04,"N","Nord",1000,NA,2,214,"BKI",320,1
28100,"Wurzacher Ried","BW",2024-06-04,"E","Ost",1000,NA,1,207,"GFI",130,1
28100,"Wurzacher Ried","BW",2024-06-04,"E","Ost",1000,NA,2,NA,"FLB",100,0
28100,"Wurzacher Ried","BW",2024-06-04,"E","Ost",1000,NA,3,NA,"FLB",85,0
28100,"Wurzacher Ried","BW",2024-06-04,"E","Ost",1000,NA,4,NA,"FLB",60,0
28100,"Wurzacher Ried","BW",2024-06-04,"E","Ost",1000,NA,5,NA,"FLB",95,0
28100,"Wurzacher Ried","BW",2024-06-04,"E","Ost",1000,NA,6,NA,"FLB",40,0
28100,"Wurzacher Ried","BW",2024-06-04,"E","Ost",1000,NA,7,NA,"FLB",30,0
28100,"Wurzacher Ried","BW",2024-06-04,"E","Ost",1000,NA,8,NA,"FLB",230,1
28100,"Wurzacher Ried","BW",2024-06-04,"E","Ost",1000,NA,9,NA,"FLB",200,1
28100,"Wurzacher Ried","BW",2024-06-04,"E","Ost",1000,NA,10,NA,"FLB",100,0
28100,"Wurzacher Ried","BW",2024-06-04,"S","Süd",1000,NA,1,NA,"FLB",60,0
28100,"Wurzacher Ried","BW",2024-06-04,"S","Süd",1000,NA,2,NA,"FLB",70,0
28100,"Wurzacher Ried","BW",2024-06-04,"S","Süd",1000,NA,3,NA,"FLB",135,1
28100,"Wurzacher Ried","BW",2024-06-04,"S","Süd",1000,NA,4,NA,"FLB",50,0
28100,"Wurzacher Ried","BW",2024-06-04,"S","Süd",1000,NA,5,NA,"FLB",50,0
28100,"Wurzacher Ried","BW",2024-06-04,"S","Süd",1000,NA,6,NA,"FLB",60,0
28100,"Wurzacher Ried","BW",2024-06-04,"S","Süd",1000,NA,7,NA,"FLB",100,0
28100,"Wurzacher Ried","BW",2024-06-04,"S","Süd",1000,NA,8,NA,"FLB",50,0
28100,"Wurzacher Ried","BW",2024-06-04,"S","Süd",1000,NA,9,NA,"FLB",65,0
28100,"Wurzacher Ried","BW",2024-06-04,"S","Süd",1000,NA,10,NA,"FLB",130,1
28100,"Wurzacher Ried","BW",2024-06-04,"W","West",1000,NA,1,207,"GFI",260,1
28100,"Wurzacher Ried","BW",2024-06-04,"W","West",1000,NA,2,214,"BKI",310,2
28130,"Bodenmoos","BW",2024-06-02,"N","Nord",1000,NA,1,207,"GFI",150,1
28130,"Bodenmoos","BW",2024-06-02,"N","Nord",1000,NA,2,207,"GFI",330,1
28130,"Bodenmoos","BW",2024-06-02,"N","Nord",1000,NA,3,207,"GFI",175,1
28130,"Bodenmoos","BW",2024-06-02,"N","Nord",1000,NA,4,207,"GFI",140,1
28130,"Bodenmoos","BW",2024-06-02,"N","Nord",1000,NA,5,207,"GFI",150,1
28130,"Bodenmoos","BW",2024-06-02,"N","Nord",1000,NA,6,207,"GFI",170,1
28130,"Bodenmoos","BW",2024-06-02,"N","Nord",1000,NA,7,207,"GFI",520,2
28130,"Bodenmoos","BW",2024-06-02,"N","Nord",1000,NA,8,207,"GFI",450,3
28130,"Bodenmoos","BW",2024-06-02,"N","Nord",1000,NA,9,207,"GFI",200,1
28130,"Bodenmoos","BW",2024-06-02,"N","Nord",1000,NA,10,207,"GFI",150,1
28130,"Bodenmoos","BW",2024-06-02,"E","Ost",1000,NA,1,207,"GFI",165,1
28130,"Bodenmoos","BW",2024-06-02,"E","Ost",1000,NA,2,207,"GFI",80,0
28130,"Bodenmoos","BW",2024-06-02,"E","Ost",1000,NA,3,207,"GFI",90,0
28130,"Bodenmoos","BW",2024-06-02,"E","Ost",1000,NA,4,207,"GFI",180,1
28130,"Bodenmoos","BW",2024-06-02,"E","Ost",1000,NA,5,207,"GFI",500,2
28130,"Bodenmoos","BW",2024-06-02,"E","Ost",1000,NA,6,207,"GFI",220,1
28130,"Bodenmoos","BW",2024-06-02,"E","Ost",1000,NA,7,207,"GFI",110,0
28130,"Bodenmoos","BW",2024-06-02,"E","Ost",1000,NA,8,NA,"FLB",130,1
28130,"Bodenmoos","BW",2024-06-02,"E","Ost",1000,NA,9,121,"VBE",70,0
28130,"Bodenmoos","BW",2024-06-02,"E","Ost",1000,NA,10,121,"VBE",40,0
28130,"Bodenmoos","BW",2024-06-02,"S","Süd",1000,NA,1,207,"GFI",110,0
28130,"Bodenmoos","BW",2024-06-02,"S","Süd",1000,NA,2,207,"GFI",110,0
28130,"Bodenmoos","BW",2024-06-02,"S","Süd",1000,NA,3,207,"GFI",35,0
28130,"Bodenmoos","BW",2024-06-02,"S","Süd",1000,NA,4,207,"GFI",60,0
28130,"Bodenmoos","BW",2024-06-02,"S","Süd",1000,NA,5,207,"GFI",110,0
28130,"Bodenmoos","BW",2024-06-02,"S","Süd",1000,NA,6,207,"GFI",420,1
28130,"Bodenmoos","BW",2024-06-02,"S","Süd",1000,NA,7,207,"GFI",330,1
28130,"Bodenmoos","BW",2024-06-02,"W","West",1000,NA,1,207,"GFI",100,0
28130,"Bodenmoos","BW",2024-06-02,"W","West",1000,NA,2,207,"GFI",80,0
28130,"Bodenmoos","BW",2024-06-02,"W","West",1000,NA,3,207,"GFI",95,0
28130,"Bodenmoos","BW",2024-06-02,"W","West",1000,NA,4,207,"GFI",115,0
28130,"Bodenmoos","BW",2024-06-02,"W","West",1000,NA,5,207,"GFI",200,1
28130,"Bodenmoos","BW",2024-06-02,"W","West",1000,NA,6,NA,"FLB",190,1
28130,"Bodenmoos","BW",2024-06-02,"W","West",1000,NA,7,NA,"FLB",140,1
28130,"Bodenmoos","BW",2024-06-02,"W","West",1000,NA,8,207,"GFI",650,3
28130,"Bodenmoos","BW",2024-06-02,"W","West",1000,NA,9,207,"GFI",310,1
28130,"Bodenmoos","BW",2024-06-02,"W","West",1000,NA,10,207,"GFI",400,2
28021,"Haubacher Moos","BW",2024-06-01,"E","Ost",1000,NA,1,207,"GFI",260,1
28021,"Haubacher Moos","BW",2024-06-01,"E","Ost",1000,NA,2,207,"GFI",200,1
28021,"Haubacher Moos","BW",2024-06-01,"E","Ost",1000,NA,3,207,"GFI",20,0
28021,"Haubacher Moos","BW",2024-06-01,"E","Ost",1000,NA,4,207,"GFI",20,0
28021,"Haubacher Moos","BW",2024-06-01,"E","Ost",1000,NA,5,207,"GFI",170,1
28021,"Haubacher Moos","BW",2024-06-01,"E","Ost",1000,NA,6,207,"GFI",20,0
28021,"Haubacher Moos","BW",2024-06-01,"E","Ost",1000,NA,7,207,"GFI",270,1
28160,"Steerenmoos","BW",2024-05-31,"N","Nord",1000,225,1,214,"BKI",330,1
28160,"Steerenmoos","BW",2024-05-31,"N","Nord",1000,225,2,214,"BKI",450,1
28160,"Steerenmoos","BW",2024-05-31,"N","Nord",1000,225,3,214,"BKI",115,0
28160,"Steerenmoos","BW",2024-05-31,"N","Nord",1000,225,4,214,"BKI",140,1
28160,"Steerenmoos","BW",2024-05-31,"N","Nord",1000,225,5,214,"BKI",135,1
28160,"Steerenmoos","BW",2024-05-31,"N","Nord",1000,225,6,214,"BKI",170,1
28160,"Steerenmoos","BW",2024-05-31,"N","Nord",1000,225,7,214,"BKI",220,1
28160,"Steerenmoos","BW",2024-05-31,"N","Nord",1000,225,8,214,"BKI",90,0
28160,"Steerenmoos","BW",2024-05-31,"N","Nord",1000,225,9,214,"BKI",65,0
28160,"Steerenmoos","BW",2024-05-31,"N","Nord",1000,225,10,214,"BKI",80,0
28160,"Steerenmoos","BW",2024-05-31,"E","Ost",1000,153,1,214,"BKI",120,0
28160,"Steerenmoos","BW",2024-05-31,"E","Ost",1000,153,2,214,"BKI",135,1
28160,"Steerenmoos","BW",2024-05-31,"E","Ost",1000,153,3,214,"BKI",110,0
28160,"Steerenmoos","BW",2024-05-31,"E","Ost",1000,153,4,214,"BKI",160,1
28160,"Steerenmoos","BW",2024-05-31,"E","Ost",1000,153,5,214,"BKI",400,1
28160,"Steerenmoos","BW",2024-05-31,"E","Ost",1000,153,6,214,"BKI",570,3
28160,"Steerenmoos","BW",2024-05-31,"E","Ost",1000,153,7,214,"BKI",100,0
28160,"Steerenmoos","BW",2024-05-31,"E","Ost",1000,153,8,214,"BKI",240,1
28160,"Steerenmoos","BW",2024-05-31,"E","Ost",1000,153,9,214,"BKI",240,1
28160,"Steerenmoos","BW",2024-05-31,"E","Ost",1000,153,10,214,"BKI",510,3
28160,"Steerenmoos","BW",2024-05-31,"S","Süd",1000,366,1,214,"BKI",50,0
28160,"Steerenmoos","BW",2024-05-31,"S","Süd",1000,366,2,214,"BKI",310,2
28160,"Steerenmoos","BW",2024-05-31,"S","Süd",1000,366,3,214,"BKI",175,1
28160,"Steerenmoos","BW",2024-05-31,"S","Süd",1000,366,4,214,"BKI",115,1
28160,"Steerenmoos","BW",2024-05-31,"S","Süd",1000,366,5,214,"BKI",150,1
28160,"Steerenmoos","BW",2024-05-31,"S","Süd",1000,366,6,214,"BKI",580,1
28160,"Steerenmoos","BW",2024-05-31,"S","Süd",1000,366,7,214,"BKI",640,1
28160,"Steerenmoos","BW",2024-05-31,"S","Süd",1000,366,8,214,"BKI",600,2
28160,"Steerenmoos","BW",2024-05-31,"S","Süd",1000,366,9,214,"BKI",350,3
28160,"Steerenmoos","BW",2024-05-31,"S","Süd",1000,366,10,214,"BKI",105,1
28160,"Steerenmoos","BW",2024-05-31,"W","West",1000,332,1,214,"BKI",470,1
28160,"Steerenmoos","BW",2024-05-31,"W","West",1000,332,2,214,"BKI",670,3
28160,"Steerenmoos","BW",2024-05-31,"W","West",1000,332,3,214,"BKI",260,1
28160,"Steerenmoos","BW",2024-05-31,"W","West",1000,332,4,214,"BKI",160,1
28160,"Steerenmoos","BW",2024-05-31,"W","West",1000,332,5,214,"BKI",130,1
28160,"Steerenmoos","BW",2024-05-31,"W","West",1000,332,6,214,"BKI",190,1
28160,"Steerenmoos","BW",2024-05-31,"W","West",1000,332,7,214,"BKI",540,3
28160,"Steerenmoos","BW",2024-05-31,"W","West",1000,332,8,214,"BKI",165,1
28160,"Steerenmoos","BW",2024-05-31,"W","West",1000,332,9,214,"BKI",160,1
28160,"Steerenmoos","BW",2024-05-31,"W","West",1000,332,10,214,"BKI",400,1
28120,"Bitzenbrunner Moos","BW",2024-05-30,"S","Süd",1000,397,1,207,"GFI",390,1
28120,"Bitzenbrunner Moos","BW",2024-05-30,"S","Süd",1000,397,2,207,"GFI",390,2
28120,"Bitzenbrunner Moos","BW",2024-05-30,"W","West",1000,499,1,207,"GFI",80,0
28120,"Bitzenbrunner Moos","BW",2024-05-30,"W","West",1000,499,2,207,"GFI",490,3
28120,"Bitzenbrunner Moos","BW",2024-05-30,"W","West",1000,499,3,207,"GFI",520,3
28120,"Bitzenbrunner Moos","BW",2024-05-30,"W","West",1000,499,4,207,"GFI",420,2
23070,"Otternhagener Moor","NS",2024-06-18,"N","Nord",1000,498,1,108,"MBI",40,0
23070,"Otternhagener Moor","NS",2024-06-18,"N","Nord",1000,498,2,108,"MBI",40,0
23070,"Otternhagener Moor","NS",2024-06-18,"N","Nord",1000,498,3,108,"MBI",40,0
23070,"Otternhagener Moor","NS",2024-06-18,"N","Nord",1000,498,4,NA,"FLB",100,0
23070,"Otternhagener Moor","NS",2024-06-18,"E","Ost",1000,438,1,108,"MBI",20,0
23070,"Otternhagener Moor","NS",2024-06-18,"E","Ost",1000,438,2,108,"MBI",30,0
23070,"Otternhagener Moor","NS",2024-06-18,"E","Ost",1000,438,3,108,"MBI",40,0
23070,"Otternhagener Moor","NS",2024-06-18,"E","Ost",1000,438,4,108,"MBI",20,0
23070,"Otternhagener Moor","NS",2024-06-18,"E","Ost",1000,438,5,108,"MBI",40,0
23070,"Otternhagener Moor","NS",2024-06-18,"S","Süd",1000,488,1,108,"MBI",30,0
23070,"Otternhagener Moor","NS",2024-06-18,"S","Süd",1000,488,2,108,"MBI",470,3
23070,"Otternhagener Moor","NS",2024-06-18,"S","Süd",1000,488,3,108,"MBI",540,2
23070,"Otternhagener Moor","NS",2024-06-18,"W","West",1000,368,1,108,"MBI",40,0
23081,"Rischmoor","NS",2024-06-17,"N","Nord",1000,426,1,108,"MBI",90,0
23081,"Rischmoor","NS",2024-06-17,"N","Nord",1000,426,2,207,"GFI",40,0
23081,"Rischmoor","NS",2024-06-17,"N","Nord",1000,426,3,121,"VBE",90,0
23081,"Rischmoor","NS",2024-06-17,"N","Nord",1000,426,4,121,"VBE",70,0
23081,"Rischmoor","NS",2024-06-17,"E","Ost",1000,220,1,121,"VBE",30,0
23081,"Rischmoor","NS",2024-06-17,"E","Ost",1000,220,2,121,"VBE",30,0
23081,"Rischmoor","NS",2024-06-17,"E","Ost",1000,220,3,121,"VBE",35,0
23081,"Rischmoor","NS",2024-06-17,"E","Ost",1000,220,4,121,"VBE",30,0
23081,"Rischmoor","NS",2024-06-17,"E","Ost",1000,220,5,121,"VBE",20,0
23081,"Rischmoor","NS",2024-06-17,"E","Ost",1000,220,6,121,"VBE",40,0
23081,"Rischmoor","NS",2024-06-17,"E","Ost",1000,220,7,121,"VBE",85,0
23081,"Rischmoor","NS",2024-06-17,"E","Ost",1000,220,8,121,"VBE",80,0
23081,"Rischmoor","NS",2024-06-17,"E","Ost",1000,220,9,121,"VBE",50,0
23081,"Rischmoor","NS",2024-06-17,"E","Ost",1000,220,10,117,"SEI",25,0
23081,"Rischmoor","NS",2024-06-17,"S","Süd",1000,350,1,121,"VBE",35,0
23081,"Rischmoor","NS",2024-06-17,"S","Süd",1000,350,2,121,"VBE",50,0
23081,"Rischmoor","NS",2024-06-17,"S","Süd",1000,350,3,121,"VBE",70,0
23081,"Rischmoor","NS",2024-06-17,"S","Süd",1000,350,4,121,"VBE",50,0
23081,"Rischmoor","NS",2024-06-17,"S","Süd",1000,350,5,121,"VBE",80,0
23081,"Rischmoor","NS",2024-06-17,"S","Süd",1000,350,6,121,"VBE",55,0
23081,"Rischmoor","NS",2024-06-17,"S","Süd",1000,350,7,117,"SEI",50,0
23081,"Rischmoor","NS",2024-06-17,"S","Süd",1000,350,8,117,"SEI",30,0
23081,"Rischmoor","NS",2024-06-17,"S","Süd",1000,350,9,121,"VBE",35,0
23081,"Rischmoor","NS",2024-06-17,"S","Süd",1000,350,10,121,"VBE",50,0
23081,"Rischmoor","NS",2024-06-17,"W","West",1000,350,1,121,"VBE",40,0
23081,"Rischmoor","NS",2024-06-17,"W","West",1000,350,2,121,"VBE",65,0
23081,"Rischmoor","NS",2024-06-17,"W","West",1000,350,3,121,"VBE",50,0
23081,"Rischmoor","NS",2024-06-17,"W","West",1000,350,4,207,"GFI",40,0
23081,"Rischmoor","NS",2024-06-17,"W","West",1000,350,5,207,"GFI",90,0
23081,"Rischmoor","NS",2024-06-17,"W","West",1000,350,6,121,"VBE",80,0
23081,"Rischmoor","NS",2024-06-17,"W","West",1000,350,7,117,"SEI",20,0
23081,"Rischmoor","NS",2024-06-17,"W","West",1000,350,8,121,"VBE",60,0
23081,"Rischmoor","NS",2024-06-17,"W","West",1000,350,9,207,"GFI",75,0
23081,"Rischmoor","NS",2024-06-17,"W","West",1000,350,10,207,"GFI",45,0
36030,"Spitziger Berg","TH",2024-08-19,"N","Nord",1000,303,1,207,"GFI",25,0
36030,"Spitziger Berg","TH",2024-08-19,"N","Nord",1000,303,2,207,"GFI",25,0
36030,"Spitziger Berg","TH",2024-08-19,"N","Nord",1000,303,3,207,"GFI",20,0
36030,"Spitziger Berg","TH",2024-08-19,"N","Nord",1000,303,4,207,"GFI",25,0
36030,"Spitziger Berg","TH",2024-08-19,"N","Nord",1000,303,5,207,"GFI",20,0
36030,"Spitziger Berg","TH",2024-08-19,"N","Nord",1000,303,6,207,"GFI",20,0
36030,"Spitziger Berg","TH",2024-08-19,"N","Nord",1000,303,7,207,"GFI",25,0
36030,"Spitziger Berg","TH",2024-08-19,"N","Nord",1000,303,8,207,"GFI",25,0
36030,"Spitziger Berg","TH",2024-08-19,"N","Nord",1000,303,9,207,"GFI",25,0
36030,"Spitziger Berg","TH",2024-08-19,"N","Nord",1000,303,10,207,"GFI",25,0
36030,"Spitziger Berg","TH",2024-08-19,"E","Ost",1000,499,1,121,"VBE",37,0
36030,"Spitziger Berg","TH",2024-08-19,"E","Ost",1000,499,2,207,"GFI",63,0
36030,"Spitziger Berg","TH",2024-08-19,"E","Ost",1000,499,3,207,"GFI",35,0
36030,"Spitziger Berg","TH",2024-08-19,"S","Süd",1000,206,1,207,"GFI",132,1
36030,"Spitziger Berg","TH",2024-08-19,"S","Süd",1000,206,2,207,"GFI",183,1
36030,"Spitziger Berg","TH",2024-08-19,"S","Süd",1000,206,3,207,"GFI",135,1
36030,"Spitziger Berg","TH",2024-08-19,"S","Süd",1000,206,4,207,"GFI",160,1
36030,"Spitziger Berg","TH",2024-08-19,"S","Süd",1000,206,5,207,"GFI",205,1
36030,"Spitziger Berg","TH",2024-08-19,"S","Süd",1000,206,6,207,"GFI",170,1
36030,"Spitziger Berg","TH",2024-08-19,"S","Süd",1000,206,7,207,"GFI",215,1
36030,"Spitziger Berg","TH",2024-08-19,"S","Süd",1000,206,8,207,"GFI",220,1
36030,"Spitziger Berg","TH",2024-08-19,"S","Süd",1000,206,9,207,"GFI",280,1
36030,"Spitziger Berg","TH",2024-08-19,"S","Süd",1000,206,10,207,"GFI",300,1
36030,"Spitziger Berg","TH",2024-08-19,"w","West",1000,404,1,121,"VBE",20,0
36030,"Spitziger Berg","TH",2024-08-19,"w","West",1000,404,2,121,"VBE",20,0
36030,"Spitziger Berg","TH",2024-08-19,"w","West",1000,404,3,121,"VBE",25,0
36030,"Spitziger Berg","TH",2024-08-19,"w","West",1000,404,4,111,"RBU",30,0
36030,"Spitziger Berg","TH",2024-08-19,"w","West",1000,404,5,121,"VBE",25,0
