"plot_ID","team","date","stand_spec","stand_type","structure","hbi_status","inv_year","inv","CCS_r_m","CCS_LT_inv_status","rem_reason"
10009,"Janssen, Heile",2012-02-14,1,7,2,1,2012,"HBI",5.64,1,"whole plot excluded during inventory status sorting"
10009,"Janssen, Heile",2012-02-14,1,7,2,1,2012,"HBI",12.62,1,"whole plot excluded during inventory status sorting"
10009,"Janssen, Heile",2012-02-14,1,7,2,1,2012,"HBI",17.84,1,"whole plot excluded during inventory status sorting"
10041,"Janssen, Heile",2012-02-15,1,8,1,1,2012,"HBI",5.64,1,"whole plot excluded during inventory status sorting"
10041,"Janssen, Heile",2012-02-15,1,8,1,1,2012,"HBI",12.62,1,"whole plot excluded during inventory status sorting"
10041,"Janssen, Heile",2012-02-15,1,8,1,1,2012,"HBI",17.84,1,"whole plot excluded during inventory status sorting"
20003,"-9",1970-01-01,-9,-9,-9,1,1970,"warning",5.64,-1,"whole plot excluded during inventory status sorting"
20003,"-9",1970-01-01,-9,-9,-9,1,1970,"warning",12.62,-1,"whole plot excluded during inventory status sorting"
20003,"-9",1970-01-01,-9,-9,-9,1,1970,"warning",17.84,-1,"whole plot excluded during inventory status sorting"
20004,"-9",1970-01-01,-9,-9,-9,1,1970,"warning",5.64,-1,"whole plot excluded during inventory status sorting"
20004,"-9",1970-01-01,-9,-9,-9,1,1970,"warning",12.62,-1,"whole plot excluded during inventory status sorting"
20004,"-9",1970-01-01,-9,-9,-9,1,1970,"warning",17.84,-1,"whole plot excluded during inventory status sorting"
80109,"-9",1970-01-01,-9,-9,-9,1,1970,"warning",5.64,-1,"whole plot excluded during inventory status sorting"
80109,"-9",1970-01-01,-9,-9,-9,1,1970,"warning",12.62,-1,"whole plot excluded during inventory status sorting"
80109,"-9",1970-01-01,-9,-9,-9,1,1970,"warning",17.84,-1,"whole plot excluded during inventory status sorting"
80181,"-9",1970-01-01,-9,-9,-9,1,1970,"warning",5.64,-1,"whole plot excluded during inventory status sorting"
80181,"-9",1970-01-01,-9,-9,-9,1,1970,"warning",12.62,-1,"whole plot excluded during inventory status sorting"
80181,"-9",1970-01-01,-9,-9,-9,1,1970,"warning",17.84,-1,"whole plot excluded during inventory status sorting"
80187,"-9",1970-01-01,-9,-9,-9,1,1970,"warning",5.64,-1,"whole plot excluded during inventory status sorting"
80187,"-9",1970-01-01,-9,-9,-9,1,1970,"warning",12.62,-1,"whole plot excluded during inventory status sorting"
80187,"-9",1970-01-01,-9,-9,-9,1,1970,"warning",17.84,-1,"whole plot excluded during inventory status sorting"
80190,"-9",1970-01-01,-9,-9,-9,1,1970,"warning",5.64,-1,"whole plot excluded during inventory status sorting"
80190,"-9",1970-01-01,-9,-9,-9,1,1970,"warning",12.62,-1,"whole plot excluded during inventory status sorting"
80190,"-9",1970-01-01,-9,-9,-9,1,1970,"warning",17.84,-1,"whole plot excluded during inventory status sorting"
80197,"-9",1970-01-01,-9,-9,-9,1,1970,"warning",5.64,-1,"whole plot excluded during inventory status sorting"
80197,"-9",1970-01-01,-9,-9,-9,1,1970,"warning",12.62,-1,"whole plot excluded during inventory status sorting"
80197,"-9",1970-01-01,-9,-9,-9,1,1970,"warning",17.84,-1,"whole plot excluded during inventory status sorting"
80888,"-9",1970-01-01,-9,-9,-9,1,1970,"warning",5.64,-1,"whole plot excluded during inventory status sorting"
80888,"-9",1970-01-01,-9,-9,-9,1,1970,"warning",12.62,-1,"whole plot excluded during inventory status sorting"
80888,"-9",1970-01-01,-9,-9,-9,1,1970,"warning",17.84,-1,"whole plot excluded during inventory status sorting"
100001,"-9",1970-01-01,-9,-9,-9,1,1970,"warning",5.64,-1,"whole plot excluded during inventory status sorting"
100001,"-9",1970-01-01,-9,-9,-9,1,1970,"warning",12.62,-1,"whole plot excluded during inventory status sorting"
100001,"-9",1970-01-01,-9,-9,-9,1,1970,"warning",17.84,-1,"whole plot excluded during inventory status sorting"
100005,"-9",1970-01-01,-9,-9,-9,1,1970,"warning",5.64,-1,"whole plot excluded during inventory status sorting"
100005,"-9",1970-01-01,-9,-9,-9,1,1970,"warning",12.62,-1,"whole plot excluded during inventory status sorting"
100005,"-9",1970-01-01,-9,-9,-9,1,1970,"warning",17.84,-1,"whole plot excluded during inventory status sorting"
100006,"-9",1970-01-01,-9,-9,-9,1,1970,"warning",5.64,-1,"whole plot excluded during inventory status sorting"
100006,"-9",1970-01-01,-9,-9,-9,1,1970,"warning",12.62,-1,"whole plot excluded during inventory status sorting"
100006,"-9",1970-01-01,-9,-9,-9,1,1970,"warning",17.84,-1,"whole plot excluded during inventory status sorting"
100007,"-9",1970-01-01,-9,-9,-9,1,1970,"warning",5.64,-1,"whole plot excluded during inventory status sorting"
100007,"-9",1970-01-01,-9,-9,-9,1,1970,"warning",12.62,-1,"whole plot excluded during inventory status sorting"
100007,"-9",1970-01-01,-9,-9,-9,1,1970,"warning",17.84,-1,"whole plot excluded during inventory status sorting"
100008,"-9",1970-01-01,-9,-9,-9,1,1970,"warning",5.64,-1,"whole plot excluded during inventory status sorting"
100008,"-9",1970-01-01,-9,-9,-9,1,1970,"warning",12.62,-1,"whole plot excluded during inventory status sorting"
100008,"-9",1970-01-01,-9,-9,-9,1,1970,"warning",17.84,-1,"whole plot excluded during inventory status sorting"
100012,"-9",1970-01-01,-9,-9,-9,1,1970,"warning",5.64,-1,"whole plot excluded during inventory status sorting"
100012,"-9",1970-01-01,-9,-9,-9,1,1970,"warning",12.62,-1,"whole plot excluded during inventory status sorting"
100012,"-9",1970-01-01,-9,-9,-9,1,1970,"warning",17.84,-1,"whole plot excluded during inventory status sorting"
100017,"-9",1970-01-01,-9,-9,-9,1,1970,"warning",5.64,-1,"whole plot excluded during inventory status sorting"
100017,"-9",1970-01-01,-9,-9,-9,1,1970,"warning",12.62,-1,"whole plot excluded during inventory status sorting"
100017,"-9",1970-01-01,-9,-9,-9,1,1970,"warning",17.84,-1,"whole plot excluded during inventory status sorting"
100019,"-9",1970-01-01,-9,-9,-9,1,1970,"warning",5.64,-1,"whole plot excluded during inventory status sorting"
100019,"-9",1970-01-01,-9,-9,-9,1,1970,"warning",12.62,-1,"whole plot excluded during inventory status sorting"
100019,"-9",1970-01-01,-9,-9,-9,1,1970,"warning",17.84,-1,"whole plot excluded during inventory status sorting"
100023,"-9",1970-01-01,-9,-9,-9,1,1970,"warning",5.64,-1,"whole plot excluded during inventory status sorting"
100023,"-9",1970-01-01,-9,-9,-9,1,1970,"warning",12.62,-1,"whole plot excluded during inventory status sorting"
100023,"-9",1970-01-01,-9,-9,-9,1,1970,"warning",17.84,-1,"whole plot excluded during inventory status sorting"
100024,"-9",1970-01-01,-9,-9,-9,1,1970,"warning",5.64,-1,"whole plot excluded during inventory status sorting"
100024,"-9",1970-01-01,-9,-9,-9,1,1970,"warning",12.62,-1,"whole plot excluded during inventory status sorting"
100024,"-9",1970-01-01,-9,-9,-9,1,1970,"warning",17.84,-1,"whole plot excluded during inventory status sorting"
100026,"-9",1970-01-01,-9,-9,-9,1,1970,"warning",5.64,-1,"whole plot excluded during inventory status sorting"
100026,"-9",1970-01-01,-9,-9,-9,1,1970,"warning",12.62,-1,"whole plot excluded during inventory status sorting"
100026,"-9",1970-01-01,-9,-9,-9,1,1970,"warning",17.84,-1,"whole plot excluded during inventory status sorting"
100027,"-9",1970-01-01,-9,-9,-9,1,1970,"warning",5.64,-1,"whole plot excluded during inventory status sorting"
100027,"-9",1970-01-01,-9,-9,-9,1,1970,"warning",12.62,-1,"whole plot excluded during inventory status sorting"
100027,"-9",1970-01-01,-9,-9,-9,1,1970,"warning",17.84,-1,"whole plot excluded during inventory status sorting"
100030,"-9",1970-01-01,-9,-9,-9,1,1970,"warning",5.64,-1,"whole plot excluded during inventory status sorting"
100030,"-9",1970-01-01,-9,-9,-9,1,1970,"warning",12.62,-1,"whole plot excluded during inventory status sorting"
100030,"-9",1970-01-01,-9,-9,-9,1,1970,"warning",17.84,-1,"whole plot excluded during inventory status sorting"
100031,"-9",1970-01-01,-9,-9,-9,1,1970,"warning",5.64,-1,"whole plot excluded during inventory status sorting"
100031,"-9",1970-01-01,-9,-9,-9,1,1970,"warning",12.62,-1,"whole plot excluded during inventory status sorting"
100031,"-9",1970-01-01,-9,-9,-9,1,1970,"warning",17.84,-1,"whole plot excluded during inventory status sorting"
100032,"-9",1970-01-01,-9,-9,-9,1,1970,"warning",5.64,-1,"whole plot excluded during inventory status sorting"
100032,"-9",1970-01-01,-9,-9,-9,1,1970,"warning",12.62,-1,"whole plot excluded during inventory status sorting"
100032,"-9",1970-01-01,-9,-9,-9,1,1970,"warning",17.84,-1,"whole plot excluded during inventory status sorting"
100033,"-9",1970-01-01,-9,-9,-9,1,1970,"warning",5.64,-1,"whole plot excluded during inventory status sorting"
100033,"-9",1970-01-01,-9,-9,-9,1,1970,"warning",12.62,-1,"whole plot excluded during inventory status sorting"
100033,"-9",1970-01-01,-9,-9,-9,1,1970,"warning",17.84,-1,"whole plot excluded during inventory status sorting"
100034,"-9",1970-01-01,-9,-9,-9,1,1970,"warning",5.64,-1,"whole plot excluded during inventory status sorting"
100034,"-9",1970-01-01,-9,-9,-9,1,1970,"warning",12.62,-1,"whole plot excluded during inventory status sorting"
100034,"-9",1970-01-01,-9,-9,-9,1,1970,"warning",17.84,-1,"whole plot excluded during inventory status sorting"
100035,"-9",1970-01-01,-9,-9,-9,1,1970,"warning",5.64,-1,"whole plot excluded during inventory status sorting"
100035,"-9",1970-01-01,-9,-9,-9,1,1970,"warning",12.62,-1,"whole plot excluded during inventory status sorting"
100035,"-9",1970-01-01,-9,-9,-9,1,1970,"warning",17.84,-1,"whole plot excluded during inventory status sorting"
100036,"-9",1970-01-01,-9,-9,-9,1,1970,"warning",5.64,-1,"whole plot excluded during inventory status sorting"
100036,"-9",1970-01-01,-9,-9,-9,1,1970,"warning",12.62,-1,"whole plot excluded during inventory status sorting"
100036,"-9",1970-01-01,-9,-9,-9,1,1970,"warning",17.84,-1,"whole plot excluded during inventory status sorting"
100038,"-9",1970-01-01,-9,-9,-9,1,1970,"warning",5.64,-1,"whole plot excluded during inventory status sorting"
100038,"-9",1970-01-01,-9,-9,-9,1,1970,"warning",12.62,-1,"whole plot excluded during inventory status sorting"
100038,"-9",1970-01-01,-9,-9,-9,1,1970,"warning",17.84,-1,"whole plot excluded during inventory status sorting"
100041,"-9",1970-01-01,-9,-9,-9,1,1970,"warning",5.64,-1,"whole plot excluded during inventory status sorting"
100041,"-9",1970-01-01,-9,-9,-9,1,1970,"warning",12.62,-1,"whole plot excluded during inventory status sorting"
100041,"-9",1970-01-01,-9,-9,-9,1,1970,"warning",17.84,-1,"whole plot excluded during inventory status sorting"
100042,"-9",1970-01-01,-9,-9,-9,1,1970,"warning",5.64,-1,"whole plot excluded during inventory status sorting"
100042,"-9",1970-01-01,-9,-9,-9,1,1970,"warning",12.62,-1,"whole plot excluded during inventory status sorting"
100042,"-9",1970-01-01,-9,-9,-9,1,1970,"warning",17.84,-1,"whole plot excluded during inventory status sorting"
100043,"-9",1970-01-01,-9,-9,-9,1,1970,"warning",5.64,-1,"whole plot excluded during inventory status sorting"
100043,"-9",1970-01-01,-9,-9,-9,1,1970,"warning",12.62,-1,"whole plot excluded during inventory status sorting"
100043,"-9",1970-01-01,-9,-9,-9,1,1970,"warning",17.84,-1,"whole plot excluded during inventory status sorting"
100046,"-9",1970-01-01,-9,-9,-9,1,1970,"warning",5.64,-1,"whole plot excluded during inventory status sorting"
100046,"-9",1970-01-01,-9,-9,-9,1,1970,"warning",12.62,-1,"whole plot excluded during inventory status sorting"
100046,"-9",1970-01-01,-9,-9,-9,1,1970,"warning",17.84,-1,"whole plot excluded during inventory status sorting"
100048,"-9",1970-01-01,-9,-9,-9,1,1970,"warning",5.64,-1,"whole plot excluded during inventory status sorting"
100048,"-9",1970-01-01,-9,-9,-9,1,1970,"warning",12.62,-1,"whole plot excluded during inventory status sorting"
100048,"-9",1970-01-01,-9,-9,-9,1,1970,"warning",17.84,-1,"whole plot excluded during inventory status sorting"
100049,"-9",1970-01-01,-9,-9,-9,1,1970,"warning",5.64,-1,"whole plot excluded during inventory status sorting"
100049,"-9",1970-01-01,-9,-9,-9,1,1970,"warning",12.62,-1,"whole plot excluded during inventory status sorting"
100049,"-9",1970-01-01,-9,-9,-9,1,1970,"warning",17.84,-1,"whole plot excluded during inventory status sorting"
100051,"-9",1970-01-01,-9,-9,-9,1,1970,"warning",5.64,-1,"whole plot excluded during inventory status sorting"
100051,"-9",1970-01-01,-9,-9,-9,1,1970,"warning",12.62,-1,"whole plot excluded during inventory status sorting"
100051,"-9",1970-01-01,-9,-9,-9,1,1970,"warning",17.84,-1,"whole plot excluded during inventory status sorting"
100053,"-9",1970-01-01,-9,-9,-9,1,1970,"warning",5.64,-1,"whole plot excluded during inventory status sorting"
100053,"-9",1970-01-01,-9,-9,-9,1,1970,"warning",12.62,-1,"whole plot excluded during inventory status sorting"
100053,"-9",1970-01-01,-9,-9,-9,1,1970,"warning",17.84,-1,"whole plot excluded during inventory status sorting"
100054,"-9",1970-01-01,-9,-9,-9,1,1970,"warning",5.64,-1,"whole plot excluded during inventory status sorting"
100054,"-9",1970-01-01,-9,-9,-9,1,1970,"warning",12.62,-1,"whole plot excluded during inventory status sorting"
100054,"-9",1970-01-01,-9,-9,-9,1,1970,"warning",17.84,-1,"whole plot excluded during inventory status sorting"
100059,"-9",1970-01-01,-9,-9,-9,1,1970,"warning",5.64,-1,"whole plot excluded during inventory status sorting"
100059,"-9",1970-01-01,-9,-9,-9,1,1970,"warning",12.62,-1,"whole plot excluded during inventory status sorting"
100059,"-9",1970-01-01,-9,-9,-9,1,1970,"warning",17.84,-1,"whole plot excluded during inventory status sorting"
100060,"-9",1970-01-01,-9,-9,-9,1,1970,"warning",5.64,-1,"whole plot excluded during inventory status sorting"
100060,"-9",1970-01-01,-9,-9,-9,1,1970,"warning",12.62,-1,"whole plot excluded during inventory status sorting"
100060,"-9",1970-01-01,-9,-9,-9,1,1970,"warning",17.84,-1,"whole plot excluded during inventory status sorting"
100061,"-9",1970-01-01,-9,-9,-9,1,1970,"warning",5.64,-1,"whole plot excluded during inventory status sorting"
100061,"-9",1970-01-01,-9,-9,-9,1,1970,"warning",12.62,-1,"whole plot excluded during inventory status sorting"
100061,"-9",1970-01-01,-9,-9,-9,1,1970,"warning",17.84,-1,"whole plot excluded during inventory status sorting"
100063,"-9",1970-01-01,-9,-9,-9,1,1970,"warning",5.64,-1,"whole plot excluded during inventory status sorting"
100063,"-9",1970-01-01,-9,-9,-9,1,1970,"warning",12.62,-1,"whole plot excluded during inventory status sorting"
100063,"-9",1970-01-01,-9,-9,-9,1,1970,"warning",17.84,-1,"whole plot excluded during inventory status sorting"
100067,"-9",1970-01-01,-9,-9,-9,1,1970,"warning",5.64,-1,"whole plot excluded during inventory status sorting"
100067,"-9",1970-01-01,-9,-9,-9,1,1970,"warning",12.62,-1,"whole plot excluded during inventory status sorting"
100067,"-9",1970-01-01,-9,-9,-9,1,1970,"warning",17.84,-1,"whole plot excluded during inventory status sorting"
100069,"-9",1970-01-01,-9,-9,-9,1,1970,"warning",5.64,-1,"whole plot excluded during inventory status sorting"
100069,"-9",1970-01-01,-9,-9,-9,1,1970,"warning",12.62,-1,"whole plot excluded during inventory status sorting"
100069,"-9",1970-01-01,-9,-9,-9,1,1970,"warning",17.84,-1,"whole plot excluded during inventory status sorting"
100074,"-9",1970-01-01,-9,-9,-9,1,1970,"warning",5.64,-1,"whole plot excluded during inventory status sorting"
100074,"-9",1970-01-01,-9,-9,-9,1,1970,"warning",12.62,-1,"whole plot excluded during inventory status sorting"
100074,"-9",1970-01-01,-9,-9,-9,1,1970,"warning",17.84,-1,"whole plot excluded during inventory status sorting"
100075,"-9",1970-01-01,-9,-9,-9,1,1970,"warning",5.64,-1,"whole plot excluded during inventory status sorting"
100075,"-9",1970-01-01,-9,-9,-9,1,1970,"warning",12.62,-1,"whole plot excluded during inventory status sorting"
100075,"-9",1970-01-01,-9,-9,-9,1,1970,"warning",17.84,-1,"whole plot excluded during inventory status sorting"
100076,"-9",1970-01-01,-9,-9,-9,1,1970,"warning",5.64,-1,"whole plot excluded during inventory status sorting"
100076,"-9",1970-01-01,-9,-9,-9,1,1970,"warning",12.62,-1,"whole plot excluded during inventory status sorting"
100076,"-9",1970-01-01,-9,-9,-9,1,1970,"warning",17.84,-1,"whole plot excluded during inventory status sorting"
100077,"-9",1970-01-01,-9,-9,-9,1,1970,"warning",5.64,-1,"whole plot excluded during inventory status sorting"
100077,"-9",1970-01-01,-9,-9,-9,1,1970,"warning",12.62,-1,"whole plot excluded during inventory status sorting"
100077,"-9",1970-01-01,-9,-9,-9,1,1970,"warning",17.84,-1,"whole plot excluded during inventory status sorting"
100079,"-9",1970-01-01,-9,-9,-9,1,1970,"warning",5.64,-1,"whole plot excluded during inventory status sorting"
100079,"-9",1970-01-01,-9,-9,-9,1,1970,"warning",12.62,-1,"whole plot excluded during inventory status sorting"
100079,"-9",1970-01-01,-9,-9,-9,1,1970,"warning",17.84,-1,"whole plot excluded during inventory status sorting"
100100,"-9",1970-01-01,-9,-9,-9,1,1970,"warning",5.64,-1,"whole plot excluded during inventory status sorting"
100100,"-9",1970-01-01,-9,-9,-9,1,1970,"warning",12.62,-1,"whole plot excluded during inventory status sorting"
100100,"-9",1970-01-01,-9,-9,-9,1,1970,"warning",17.84,-1,"whole plot excluded during inventory status sorting"
100101,"-9",1970-01-01,-9,-9,-9,1,1970,"warning",5.64,-1,"whole plot excluded during inventory status sorting"
100101,"-9",1970-01-01,-9,-9,-9,1,1970,"warning",12.62,-1,"whole plot excluded during inventory status sorting"
100101,"-9",1970-01-01,-9,-9,-9,1,1970,"warning",17.84,-1,"whole plot excluded during inventory status sorting"
100102,"-9",1970-01-01,-9,-9,-9,1,1970,"warning",5.64,-1,"whole plot excluded during inventory status sorting"
100102,"-9",1970-01-01,-9,-9,-9,1,1970,"warning",12.62,-1,"whole plot excluded during inventory status sorting"
100102,"-9",1970-01-01,-9,-9,-9,1,1970,"warning",17.84,-1,"whole plot excluded during inventory status sorting"
100103,"-9",1970-01-01,-9,-9,-9,1,1970,"warning",5.64,-1,"whole plot excluded during inventory status sorting"
100103,"-9",1970-01-01,-9,-9,-9,1,1970,"warning",12.62,-1,"whole plot excluded during inventory status sorting"
100103,"-9",1970-01-01,-9,-9,-9,1,1970,"warning",17.84,-1,"whole plot excluded during inventory status sorting"
100104,"-9",1970-01-01,-9,-9,-9,1,1970,"warning",5.64,-1,"whole plot excluded during inventory status sorting"
100104,"-9",1970-01-01,-9,-9,-9,1,1970,"warning",12.62,-1,"whole plot excluded during inventory status sorting"
100104,"-9",1970-01-01,-9,-9,-9,1,1970,"warning",17.84,-1,"whole plot excluded during inventory status sorting"
100105,"-9",1970-01-01,-9,-9,-9,1,1970,"warning",5.64,-1,"whole plot excluded during inventory status sorting"
100105,"-9",1970-01-01,-9,-9,-9,1,1970,"warning",12.62,-1,"whole plot excluded during inventory status sorting"
100105,"-9",1970-01-01,-9,-9,-9,1,1970,"warning",17.84,-1,"whole plot excluded during inventory status sorting"
100106,"-9",1970-01-01,-9,-9,-9,1,1970,"warning",5.64,-1,"whole plot excluded during inventory status sorting"
100106,"-9",1970-01-01,-9,-9,-9,1,1970,"warning",12.62,-1,"whole plot excluded during inventory status sorting"
100106,"-9",1970-01-01,-9,-9,-9,1,1970,"warning",17.84,-1,"whole plot excluded during inventory status sorting"
100107,"-9",1970-01-01,-9,-9,-9,1,1970,"warning",5.64,-1,"whole plot excluded during inventory status sorting"
100107,"-9",1970-01-01,-9,-9,-9,1,1970,"warning",12.62,-1,"whole plot excluded during inventory status sorting"
100107,"-9",1970-01-01,-9,-9,-9,1,1970,"warning",17.84,-1,"whole plot excluded during inventory status sorting"
100108,"-9",1970-01-01,-9,-9,-9,1,1970,"warning",5.64,-1,"whole plot excluded during inventory status sorting"
100108,"-9",1970-01-01,-9,-9,-9,1,1970,"warning",12.62,-1,"whole plot excluded during inventory status sorting"
100108,"-9",1970-01-01,-9,-9,-9,1,1970,"warning",17.84,-1,"whole plot excluded during inventory status sorting"
100109,"-9",1970-01-01,-9,-9,-9,1,1970,"warning",5.64,-1,"whole plot excluded during inventory status sorting"
100109,"-9",1970-01-01,-9,-9,-9,1,1970,"warning",12.62,-1,"whole plot excluded during inventory status sorting"
100109,"-9",1970-01-01,-9,-9,-9,1,1970,"warning",17.84,-1,"whole plot excluded during inventory status sorting"
100110,"-9",1970-01-01,-9,-9,-9,1,1970,"warning",5.64,-1,"whole plot excluded during inventory status sorting"
100110,"-9",1970-01-01,-9,-9,-9,1,1970,"warning",12.62,-1,"whole plot excluded during inventory status sorting"
100110,"-9",1970-01-01,-9,-9,-9,1,1970,"warning",17.84,-1,"whole plot excluded during inventory status sorting"
100111,"-9",1970-01-01,-9,-9,-9,1,1970,"warning",5.64,-1,"whole plot excluded during inventory status sorting"
100111,"-9",1970-01-01,-9,-9,-9,1,1970,"warning",12.62,-1,"whole plot excluded during inventory status sorting"
100111,"-9",1970-01-01,-9,-9,-9,1,1970,"warning",17.84,-1,"whole plot excluded during inventory status sorting"
100112,"-9",1970-01-01,-9,-9,-9,1,1970,"warning",5.64,-1,"whole plot excluded during inventory status sorting"
100112,"-9",1970-01-01,-9,-9,-9,1,1970,"warning",12.62,-1,"whole plot excluded during inventory status sorting"
100112,"-9",1970-01-01,-9,-9,-9,1,1970,"warning",17.84,-1,"whole plot excluded during inventory status sorting"
100113,"-9",1970-01-01,-9,-9,-9,1,1970,"warning",5.64,-1,"whole plot excluded during inventory status sorting"
100113,"-9",1970-01-01,-9,-9,-9,1,1970,"warning",12.62,-1,"whole plot excluded during inventory status sorting"
100113,"-9",1970-01-01,-9,-9,-9,1,1970,"warning",17.84,-1,"whole plot excluded during inventory status sorting"
100114,"-9",1970-01-01,-9,-9,-9,1,1970,"warning",5.64,-1,"whole plot excluded during inventory status sorting"
100114,"-9",1970-01-01,-9,-9,-9,1,1970,"warning",12.62,-1,"whole plot excluded during inventory status sorting"
100114,"-9",1970-01-01,-9,-9,-9,1,1970,"warning",17.84,-1,"whole plot excluded during inventory status sorting"
100115,"-9",1970-01-01,-9,-9,-9,1,1970,"warning",5.64,-1,"whole plot excluded during inventory status sorting"
100115,"-9",1970-01-01,-9,-9,-9,1,1970,"warning",12.62,-1,"whole plot excluded during inventory status sorting"
100115,"-9",1970-01-01,-9,-9,-9,1,1970,"warning",17.84,-1,"whole plot excluded during inventory status sorting"
100116,"-9",1970-01-01,-9,-9,-9,1,1970,"warning",5.64,-1,"whole plot excluded during inventory status sorting"
100116,"-9",1970-01-01,-9,-9,-9,1,1970,"warning",12.62,-1,"whole plot excluded during inventory status sorting"
100116,"-9",1970-01-01,-9,-9,-9,1,1970,"warning",17.84,-1,"whole plot excluded during inventory status sorting"
100117,"-9",1970-01-01,-9,-9,-9,1,1970,"warning",5.64,-1,"whole plot excluded during inventory status sorting"
100117,"-9",1970-01-01,-9,-9,-9,1,1970,"warning",12.62,-1,"whole plot excluded during inventory status sorting"
100117,"-9",1970-01-01,-9,-9,-9,1,1970,"warning",17.84,-1,"whole plot excluded during inventory status sorting"
100118,"-9",1970-01-01,-9,-9,-9,1,1970,"warning",5.64,-1,"whole plot excluded during inventory status sorting"
100118,"-9",1970-01-01,-9,-9,-9,1,1970,"warning",12.62,-1,"whole plot excluded during inventory status sorting"
100118,"-9",1970-01-01,-9,-9,-9,1,1970,"warning",17.84,-1,"whole plot excluded during inventory status sorting"
100119,"-9",1970-01-01,-9,-9,-9,1,1970,"warning",5.64,-1,"whole plot excluded during inventory status sorting"
100119,"-9",1970-01-01,-9,-9,-9,1,1970,"warning",12.62,-1,"whole plot excluded during inventory status sorting"
100119,"-9",1970-01-01,-9,-9,-9,1,1970,"warning",17.84,-1,"whole plot excluded during inventory status sorting"
100120,"-9",1970-01-01,-9,-9,-9,1,1970,"warning",5.64,-1,"whole plot excluded during inventory status sorting"
100120,"-9",1970-01-01,-9,-9,-9,1,1970,"warning",12.62,-1,"whole plot excluded during inventory status sorting"
100120,"-9",1970-01-01,-9,-9,-9,1,1970,"warning",17.84,-1,"whole plot excluded during inventory status sorting"
100121,"-9",1970-01-01,-9,-9,-9,1,1970,"warning",5.64,-1,"whole plot excluded during inventory status sorting"
100121,"-9",1970-01-01,-9,-9,-9,1,1970,"warning",12.62,-1,"whole plot excluded during inventory status sorting"
100121,"-9",1970-01-01,-9,-9,-9,1,1970,"warning",17.84,-1,"whole plot excluded during inventory status sorting"
100122,"-9",1970-01-01,-9,-9,-9,1,1970,"warning",5.64,-1,"whole plot excluded during inventory status sorting"
100122,"-9",1970-01-01,-9,-9,-9,1,1970,"warning",12.62,-1,"whole plot excluded during inventory status sorting"
100122,"-9",1970-01-01,-9,-9,-9,1,1970,"warning",17.84,-1,"whole plot excluded during inventory status sorting"
100123,"-9",1970-01-01,-9,-9,-9,1,1970,"warning",5.64,-1,"whole plot excluded during inventory status sorting"
100123,"-9",1970-01-01,-9,-9,-9,1,1970,"warning",12.62,-1,"whole plot excluded during inventory status sorting"
100123,"-9",1970-01-01,-9,-9,-9,1,1970,"warning",17.84,-1,"whole plot excluded during inventory status sorting"
100124,"-9",1970-01-01,-9,-9,-9,1,1970,"warning",5.64,-1,"whole plot excluded during inventory status sorting"
100124,"-9",1970-01-01,-9,-9,-9,1,1970,"warning",12.62,-1,"whole plot excluded during inventory status sorting"
100124,"-9",1970-01-01,-9,-9,-9,1,1970,"warning",17.84,-1,"whole plot excluded during inventory status sorting"
100125,"-9",1970-01-01,-9,-9,-9,1,1970,"warning",5.64,-1,"whole plot excluded during inventory status sorting"
100125,"-9",1970-01-01,-9,-9,-9,1,1970,"warning",12.62,-1,"whole plot excluded during inventory status sorting"
100125,"-9",1970-01-01,-9,-9,-9,1,1970,"warning",17.84,-1,"whole plot excluded during inventory status sorting"
120023,"-9",1970-01-01,-9,-9,-9,3,1970,"warning",5.64,-1,"whole plot excluded during inventory status sorting"
120023,"-9",1970-01-01,-9,-9,-9,3,1970,"warning",12.62,-1,"whole plot excluded during inventory status sorting"
120023,"-9",1970-01-01,-9,-9,-9,3,1970,"warning",17.84,-1,"whole plot excluded during inventory status sorting"
120064,"-9",1970-01-01,-9,-9,-9,3,1970,"warning",5.64,-1,"whole plot excluded during inventory status sorting"
120064,"-9",1970-01-01,-9,-9,-9,3,1970,"warning",12.62,-1,"whole plot excluded during inventory status sorting"
120064,"-9",1970-01-01,-9,-9,-9,3,1970,"warning",17.84,-1,"whole plot excluded during inventory status sorting"
120082,"-9",1970-01-01,-9,-9,-9,3,1970,"warning",5.64,-1,"whole plot excluded during inventory status sorting"
120082,"-9",1970-01-01,-9,-9,-9,3,1970,"warning",12.62,-1,"whole plot excluded during inventory status sorting"
120082,"-9",1970-01-01,-9,-9,-9,3,1970,"warning",17.84,-1,"whole plot excluded during inventory status sorting"
120121,"-9",1970-01-01,-9,-9,-9,3,1970,"warning",5.64,-1,"whole plot excluded during inventory status sorting"
120121,"-9",1970-01-01,-9,-9,-9,3,1970,"warning",12.62,-1,"whole plot excluded during inventory status sorting"
120121,"-9",1970-01-01,-9,-9,-9,3,1970,"warning",17.84,-1,"whole plot excluded during inventory status sorting"
120126,"-9",1970-01-01,-9,-9,-9,3,1970,"warning",5.64,-1,"whole plot excluded during inventory status sorting"
120126,"-9",1970-01-01,-9,-9,-9,3,1970,"warning",12.62,-1,"whole plot excluded during inventory status sorting"
120126,"-9",1970-01-01,-9,-9,-9,3,1970,"warning",17.84,-1,"whole plot excluded during inventory status sorting"
120152,"-9",1970-01-01,-9,-9,-9,3,1970,"warning",5.64,-1,"whole plot excluded during inventory status sorting"
120152,"-9",1970-01-01,-9,-9,-9,3,1970,"warning",12.62,-1,"whole plot excluded during inventory status sorting"
120152,"-9",1970-01-01,-9,-9,-9,3,1970,"warning",17.84,-1,"whole plot excluded during inventory status sorting"
120158,"-9",1970-01-01,-9,-9,-9,3,1970,"warning",5.64,-1,"whole plot excluded during inventory status sorting"
120158,"-9",1970-01-01,-9,-9,-9,3,1970,"warning",12.62,-1,"whole plot excluded during inventory status sorting"
120158,"-9",1970-01-01,-9,-9,-9,3,1970,"warning",17.84,-1,"whole plot excluded during inventory status sorting"
120162,"-9",1970-01-01,-9,-9,-9,3,1970,"warning",5.64,-1,"whole plot excluded during inventory status sorting"
120162,"-9",1970-01-01,-9,-9,-9,3,1970,"warning",12.62,-1,"whole plot excluded during inventory status sorting"
120162,"-9",1970-01-01,-9,-9,-9,3,1970,"warning",17.84,-1,"whole plot excluded during inventory status sorting"
120166,"-9",1970-01-01,-9,-9,-9,3,1970,"warning",5.64,-1,"whole plot excluded during inventory status sorting"
120166,"-9",1970-01-01,-9,-9,-9,3,1970,"warning",12.62,-1,"whole plot excluded during inventory status sorting"
120166,"-9",1970-01-01,-9,-9,-9,3,1970,"warning",17.84,-1,"whole plot excluded during inventory status sorting"
130001,"KF",2012-06-06,1,7,1,1,2012,"HBI",5.64,1,"whole plot excluded during inventory status sorting"
130001,"KF",2012-06-06,1,7,1,1,2012,"HBI",12.62,1,"whole plot excluded during inventory status sorting"
130001,"KF",2012-06-06,1,7,1,1,2012,"HBI",17.84,1,"whole plot excluded during inventory status sorting"
130002,"KF",2012-06-12,1,3,4,1,2012,"HBI",5.64,1,"whole plot excluded during inventory status sorting"
130002,"KF",2012-06-12,1,3,4,1,2012,"HBI",12.62,1,"whole plot excluded during inventory status sorting"
130002,"KF",2012-06-12,1,3,4,1,2012,"HBI",17.84,1,"whole plot excluded during inventory status sorting"
130003,"KF",2012-06-07,1,6,6,1,2012,"HBI",5.64,1,"whole plot excluded during inventory status sorting"
130003,"KF",2012-06-07,1,6,6,1,2012,"HBI",12.62,1,"whole plot excluded during inventory status sorting"
130003,"KF",2012-06-07,1,6,6,1,2012,"HBI",17.84,1,"whole plot excluded during inventory status sorting"
130004,"KF",2012-06-11,1,7,6,1,2012,"HBI",5.64,1,"whole plot excluded during inventory status sorting"
130004,"KF",2012-06-11,1,7,6,1,2012,"HBI",12.62,1,"whole plot excluded during inventory status sorting"
130004,"KF",2012-06-11,1,7,6,1,2012,"HBI",17.84,1,"whole plot excluded during inventory status sorting"
130005,"-9",1970-01-01,-9,-9,-9,1,1970,"warning",5.64,-1,"whole plot excluded during inventory status sorting"
130005,"-9",1970-01-01,-9,-9,-9,1,1970,"warning",12.62,-1,"whole plot excluded during inventory status sorting"
130005,"-9",1970-01-01,-9,-9,-9,1,1970,"warning",17.84,-1,"whole plot excluded during inventory status sorting"
130006,"KF",2012-06-11,1,4,2,1,2012,"HBI",5.64,1,"whole plot excluded during inventory status sorting"
130006,"KF",2012-06-11,1,4,2,1,2012,"HBI",12.62,1,"whole plot excluded during inventory status sorting"
130006,"KF",2012-06-11,1,4,2,1,2012,"HBI",17.84,1,"whole plot excluded during inventory status sorting"
130007,"-9",1970-01-01,-9,-9,-9,1,1970,"warning",5.64,-1,"whole plot excluded during inventory status sorting"
130007,"-9",1970-01-01,-9,-9,-9,1,1970,"warning",12.62,-1,"whole plot excluded during inventory status sorting"
130007,"-9",1970-01-01,-9,-9,-9,1,1970,"warning",17.84,-1,"whole plot excluded during inventory status sorting"
130008,"KF",2012-05-25,1,3,1,1,2012,"HBI",5.64,1,"whole plot excluded during inventory status sorting"
130008,"KF",2012-05-25,1,3,1,1,2012,"HBI",12.62,1,"whole plot excluded during inventory status sorting"
130008,"KF",2012-05-25,1,3,1,1,2012,"HBI",17.84,1,"whole plot excluded during inventory status sorting"
130009,"KF",2012-05-21,1,7,2,1,2012,"HBI",5.64,1,"whole plot excluded during inventory status sorting"
130009,"KF",2012-05-21,1,7,2,1,2012,"HBI",12.62,1,"whole plot excluded during inventory status sorting"
130009,"KF",2012-05-21,1,7,2,1,2012,"HBI",17.84,1,"whole plot excluded during inventory status sorting"
130011,"KF",2012-05-23,1,1,1,1,2012,"HBI",5.64,1,"whole plot excluded during inventory status sorting"
130011,"KF",2012-05-23,1,1,1,1,2012,"HBI",12.62,1,"whole plot excluded during inventory status sorting"
130011,"KF",2012-05-23,1,1,1,1,2012,"HBI",17.84,1,"whole plot excluded during inventory status sorting"
130012,"KF",2012-05-21,1,6,2,1,2012,"HBI",5.64,1,"whole plot excluded during inventory status sorting"
130012,"KF",2012-05-21,1,6,2,1,2012,"HBI",12.62,1,"whole plot excluded during inventory status sorting"
130012,"KF",2012-05-21,1,6,2,1,2012,"HBI",17.84,1,"whole plot excluded during inventory status sorting"
130015,"KF",2012-06-15,1,2,2,1,2012,"HBI",5.64,1,"whole plot excluded during inventory status sorting"
130015,"KF",2012-06-15,1,2,2,1,2012,"HBI",12.62,1,"whole plot excluded during inventory status sorting"
130015,"KF",2012-06-15,1,2,2,1,2012,"HBI",17.84,1,"whole plot excluded during inventory status sorting"
130016,"-9",1970-01-01,-9,-9,-9,1,1970,"warning",5.64,-1,"whole plot excluded during inventory status sorting"
130016,"-9",1970-01-01,-9,-9,-9,1,1970,"warning",12.62,-1,"whole plot excluded during inventory status sorting"
130016,"-9",1970-01-01,-9,-9,-9,1,1970,"warning",17.84,-1,"whole plot excluded during inventory status sorting"
130018,"-9",1970-01-01,-9,-9,-9,1,1970,"warning",5.64,-1,"whole plot excluded during inventory status sorting"
130018,"-9",1970-01-01,-9,-9,-9,1,1970,"warning",12.62,-1,"whole plot excluded during inventory status sorting"
130018,"-9",1970-01-01,-9,-9,-9,1,1970,"warning",17.84,-1,"whole plot excluded during inventory status sorting"
130019,"KF",2012-06-12,1,3,1,1,2012,"HBI",5.64,1,"whole plot excluded during inventory status sorting"
130019,"KF",2012-06-12,1,3,1,1,2012,"HBI",12.62,1,"whole plot excluded during inventory status sorting"
130019,"KF",2012-06-12,1,3,1,1,2012,"HBI",17.84,1,"whole plot excluded during inventory status sorting"
130020,"KF",2012-07-04,1,8,1,1,2012,"HBI",5.64,1,"whole plot excluded during inventory status sorting"
130020,"KF",2012-07-04,1,8,1,1,2012,"HBI",12.62,1,"whole plot excluded during inventory status sorting"
130020,"KF",2012-07-04,1,8,1,1,2012,"HBI",17.84,1,"whole plot excluded during inventory status sorting"
130021,"KF",2012-07-06,1,2,1,1,2012,"HBI",5.64,1,"whole plot excluded during inventory status sorting"
130021,"KF",2012-07-06,1,2,1,1,2012,"HBI",12.62,1,"whole plot excluded during inventory status sorting"
130021,"KF",2012-07-06,1,2,1,1,2012,"HBI",17.84,1,"whole plot excluded during inventory status sorting"
130024,"KF",2012-06-18,1,2,1,1,2012,"HBI",5.64,1,"whole plot excluded during inventory status sorting"
130024,"KF",2012-06-18,1,2,1,1,2012,"HBI",12.62,1,"whole plot excluded during inventory status sorting"
130024,"KF",2012-06-18,1,2,1,1,2012,"HBI",17.84,1,"whole plot excluded during inventory status sorting"
130025,"KF",2012-06-15,1,2,2,1,2012,"HBI",5.64,1,"whole plot excluded during inventory status sorting"
130025,"KF",2012-06-15,1,2,2,1,2012,"HBI",12.62,1,"whole plot excluded during inventory status sorting"
130025,"KF",2012-06-15,1,2,2,1,2012,"HBI",17.84,1,"whole plot excluded during inventory status sorting"
130030,"KF",2012-06-28,1,4,1,1,2012,"HBI",5.64,2,"whole plot excluded during inventory status sorting"
130030,"KF",2012-06-28,1,4,1,1,2012,"HBI",12.62,1,"whole plot excluded during inventory status sorting"
130030,"KF",2012-06-28,1,4,1,1,2012,"HBI",17.84,1,"whole plot excluded during inventory status sorting"
130031,"-9",1970-01-01,-9,-9,-9,1,1970,"warning",5.64,-1,"whole plot excluded during inventory status sorting"
130031,"-9",1970-01-01,-9,-9,-9,1,1970,"warning",12.62,-1,"whole plot excluded during inventory status sorting"
130031,"-9",1970-01-01,-9,-9,-9,1,1970,"warning",17.84,-1,"whole plot excluded during inventory status sorting"
130034,"KF",2012-06-20,1,8,1,1,2012,"HBI",5.64,1,"whole plot excluded during inventory status sorting"
130034,"KF",2012-06-20,1,8,1,1,2012,"HBI",12.62,1,"whole plot excluded during inventory status sorting"
130034,"KF",2012-06-20,1,8,1,1,2012,"HBI",17.84,1,"whole plot excluded during inventory status sorting"
130035,"KF",2012-06-18,1,5,2,1,2012,"HBI",5.64,1,"whole plot excluded during inventory status sorting"
130035,"KF",2012-06-18,1,5,2,1,2012,"HBI",12.62,1,"whole plot excluded during inventory status sorting"
130035,"KF",2012-06-18,1,5,2,1,2012,"HBI",17.84,1,"whole plot excluded during inventory status sorting"
130038,"-9",1970-01-01,-9,-9,-9,1,1970,"warning",5.64,-1,"whole plot excluded during inventory status sorting"
130038,"-9",1970-01-01,-9,-9,-9,1,1970,"warning",12.62,-1,"whole plot excluded during inventory status sorting"
130038,"-9",1970-01-01,-9,-9,-9,1,1970,"warning",17.84,-1,"whole plot excluded during inventory status sorting"
130040,"KF",2012-07-05,1,5,1,1,2012,"HBI",5.64,1,"whole plot excluded during inventory status sorting"
130040,"KF",2012-07-05,1,5,1,1,2012,"HBI",12.62,1,"whole plot excluded during inventory status sorting"
130040,"KF",2012-07-05,1,5,1,1,2012,"HBI",17.84,1,"whole plot excluded during inventory status sorting"
130041,"KF",2012-07-08,1,1,1,1,2012,"HBI",5.64,1,"whole plot excluded during inventory status sorting"
130041,"KF",2012-07-08,1,1,1,1,2012,"HBI",12.62,1,"whole plot excluded during inventory status sorting"
130041,"KF",2012-07-08,1,1,1,1,2012,"HBI",17.84,1,"whole plot excluded during inventory status sorting"
130043,"KF",2012-06-26,1,5,2,1,2012,"HBI",5.64,1,"whole plot excluded during inventory status sorting"
130043,"KF",2012-06-26,1,5,2,1,2012,"HBI",12.62,1,"whole plot excluded during inventory status sorting"
130043,"KF",2012-06-26,1,5,2,1,2012,"HBI",17.84,1,"whole plot excluded during inventory status sorting"
130045,"-9",1970-01-01,-9,-9,-9,1,1970,"warning",5.64,-1,"whole plot excluded during inventory status sorting"
130045,"-9",1970-01-01,-9,-9,-9,1,1970,"warning",12.62,-1,"whole plot excluded during inventory status sorting"
130045,"-9",1970-01-01,-9,-9,-9,1,1970,"warning",17.84,-1,"whole plot excluded during inventory status sorting"
130049,"KF",2012-07-12,1,2,1,1,2012,"HBI",5.64,1,"whole plot excluded during inventory status sorting"
130049,"KF",2012-07-12,1,2,1,1,2012,"HBI",12.62,1,"whole plot excluded during inventory status sorting"
130049,"KF",2012-07-12,1,2,1,1,2012,"HBI",17.84,2,"whole plot excluded during inventory status sorting"
130053,"KF",2012-07-06,1,8,2,1,2012,"HBI",5.64,1,"whole plot excluded during inventory status sorting"
130053,"KF",2012-07-06,1,8,2,1,2012,"HBI",12.62,1,"whole plot excluded during inventory status sorting"
130053,"KF",2012-07-06,1,8,2,1,2012,"HBI",17.84,2,"whole plot excluded during inventory status sorting"
130054,"KF",2012-07-07,1,8,1,1,2012,"HBI",5.64,1,"whole plot excluded during inventory status sorting"
130054,"KF",2012-07-07,1,8,1,1,2012,"HBI",12.62,1,"whole plot excluded during inventory status sorting"
130054,"KF",2012-07-07,1,8,1,1,2012,"HBI",17.84,1,"whole plot excluded during inventory status sorting"
130055,"KF",2012-07-07,1,5,2,1,2012,"HBI",5.64,1,"whole plot excluded during inventory status sorting"
130055,"KF",2012-07-07,1,5,2,1,2012,"HBI",12.62,1,"whole plot excluded during inventory status sorting"
130055,"KF",2012-07-07,1,5,2,1,2012,"HBI",17.84,1,"whole plot excluded during inventory status sorting"
130058,"KF",2012-06-26,1,8,1,1,2012,"HBI",5.64,1,"whole plot excluded during inventory status sorting"
130058,"KF",2012-06-26,1,8,1,1,2012,"HBI",12.62,1,"whole plot excluded during inventory status sorting"
130058,"KF",2012-06-26,1,8,1,1,2012,"HBI",17.84,1,"whole plot excluded during inventory status sorting"
130062,"-9",1970-01-01,-9,-9,-9,1,1970,"warning",5.64,-1,"whole plot excluded during inventory status sorting"
130062,"-9",1970-01-01,-9,-9,-9,1,1970,"warning",12.62,-1,"whole plot excluded during inventory status sorting"
130062,"-9",1970-01-01,-9,-9,-9,1,1970,"warning",17.84,-1,"whole plot excluded during inventory status sorting"
130063,"KF",2012-07-10,1,2,2,1,2012,"HBI",5.64,1,"whole plot excluded during inventory status sorting"
130063,"KF",2012-07-10,1,2,2,1,2012,"HBI",12.62,1,"whole plot excluded during inventory status sorting"
130063,"KF",2012-07-10,1,2,2,1,2012,"HBI",17.84,1,"whole plot excluded during inventory status sorting"
130065,"-9",1970-01-01,-9,-9,-9,1,1970,"warning",5.64,-1,"whole plot excluded during inventory status sorting"
130065,"-9",1970-01-01,-9,-9,-9,1,1970,"warning",12.62,-1,"whole plot excluded during inventory status sorting"
130065,"-9",1970-01-01,-9,-9,-9,1,1970,"warning",17.84,-1,"whole plot excluded during inventory status sorting"
130066,"-9",1970-01-01,-9,-9,-9,1,1970,"warning",5.64,-1,"whole plot excluded during inventory status sorting"
130066,"-9",1970-01-01,-9,-9,-9,1,1970,"warning",12.62,-1,"whole plot excluded during inventory status sorting"
130066,"-9",1970-01-01,-9,-9,-9,1,1970,"warning",17.84,-1,"whole plot excluded during inventory status sorting"
130085,"-9",1970-01-01,-9,-9,-9,1,1970,"warning",5.64,-1,"whole plot excluded during inventory status sorting"
130085,"-9",1970-01-01,-9,-9,-9,1,1970,"warning",12.62,-1,"whole plot excluded during inventory status sorting"
130085,"-9",1970-01-01,-9,-9,-9,1,1970,"warning",17.84,-1,"whole plot excluded during inventory status sorting"
130086,"-9",1970-01-01,-9,-9,-9,1,1970,"warning",5.64,-1,"whole plot excluded during inventory status sorting"
130086,"-9",1970-01-01,-9,-9,-9,1,1970,"warning",12.62,-1,"whole plot excluded during inventory status sorting"
130086,"-9",1970-01-01,-9,-9,-9,1,1970,"warning",17.84,-1,"whole plot excluded during inventory status sorting"
130087,"-9",1970-01-01,-9,-9,-9,1,1970,"warning",5.64,-1,"whole plot excluded during inventory status sorting"
130087,"-9",1970-01-01,-9,-9,-9,1,1970,"warning",12.62,-1,"whole plot excluded during inventory status sorting"
130087,"-9",1970-01-01,-9,-9,-9,1,1970,"warning",17.84,-1,"whole plot excluded during inventory status sorting"
140317,"-9",1970-01-01,-9,-9,-9,1,1970,"warning",5.64,-1,"whole plot excluded during inventory status sorting"
140317,"-9",1970-01-01,-9,-9,-9,1,1970,"warning",12.62,-1,"whole plot excluded during inventory status sorting"
140317,"-9",1970-01-01,-9,-9,-9,1,1970,"warning",17.84,-1,"whole plot excluded during inventory status sorting"
20001,"-9",1970-01-01,-9,-9,-9,1,1970,"warning",5.64,-1,"LT circle excluded during inventory status sorting"
20001,"-9",1970-01-01,-9,-9,-9,1,1970,"warning",12.62,-1,"LT circle excluded during inventory status sorting"
20001,"-9",1970-01-01,-9,-9,-9,1,1970,"warning",17.84,-1,"LT circle excluded during inventory status sorting"
20002,"-9",1970-01-01,-9,-9,-9,1,1970,"warning",5.64,-1,"LT circle excluded during inventory status sorting"
20002,"-9",1970-01-01,-9,-9,-9,1,1970,"warning",12.62,-1,"LT circle excluded during inventory status sorting"
20002,"-9",1970-01-01,-9,-9,-9,1,1970,"warning",17.84,-1,"LT circle excluded during inventory status sorting"
80277,"-9",1970-01-01,-9,-9,-9,1,1970,"warning",5.64,-1,"LT circle excluded during inventory status sorting"
80277,"-9",1970-01-01,-9,-9,-9,1,1970,"warning",12.62,-1,"LT circle excluded during inventory status sorting"
80277,"-9",1970-01-01,-9,-9,-9,1,1970,"warning",17.84,-1,"LT circle excluded during inventory status sorting"
80300,"-9",1970-01-01,-9,-9,-9,1,1970,"warning",5.64,-1,"LT circle excluded during inventory status sorting"
80300,"-9",1970-01-01,-9,-9,-9,1,1970,"warning",12.62,-1,"LT circle excluded during inventory status sorting"
80300,"-9",1970-01-01,-9,-9,-9,1,1970,"warning",17.84,-1,"LT circle excluded during inventory status sorting"
120001,"KF",2012-02-29,1,7,2,3,2012,"HBI",5.64,1,"all LT circles excluded during inventory status sorting"
120001,"KF",2012-02-29,1,7,2,3,2012,"HBI",12.62,1,"all LT circles excluded during inventory status sorting"
120001,"KF",2012-02-29,1,7,2,3,2012,"HBI",17.84,1,"all LT circles excluded during inventory status sorting"
120002,"KF",2011-11-14,1,2,2,3,2011,"HBI",5.64,1,"all LT circles excluded during inventory status sorting"
120002,"KF",2011-11-14,1,2,2,3,2011,"HBI",12.62,1,"all LT circles excluded during inventory status sorting"
120002,"KF",2011-11-14,1,2,2,3,2011,"HBI",17.84,1,"all LT circles excluded during inventory status sorting"
120003,"KF",2011-11-24,1,4,2,3,2011,"HBI",5.64,1,"all LT circles excluded during inventory status sorting"
120003,"KF",2011-11-24,1,4,2,3,2011,"HBI",12.62,1,"all LT circles excluded during inventory status sorting"
120003,"KF",2011-11-24,1,4,2,3,2011,"HBI",17.84,1,"all LT circles excluded during inventory status sorting"
120004,"KF",2012-04-24,1,5,2,3,2012,"HBI",5.64,2,"all LT circles excluded during inventory status sorting"
120004,"KF",2012-04-24,1,5,2,3,2012,"HBI",12.62,1,"all LT circles excluded during inventory status sorting"
120004,"KF",2012-04-24,1,5,2,3,2012,"HBI",17.84,1,"all LT circles excluded during inventory status sorting"
120005,"-9",1970-01-01,-9,-9,-9,3,1970,"warning",5.64,-1,"LT circle excluded during inventory status sorting"
120005,"-9",1970-01-01,-9,-9,-9,3,1970,"warning",12.62,-1,"LT circle excluded during inventory status sorting"
120005,"-9",1970-01-01,-9,-9,-9,3,1970,"warning",17.84,-1,"LT circle excluded during inventory status sorting"
120006,"KF",2011-10-12,1,6,4,3,2011,"HBI",5.64,1,"all LT circles excluded during inventory status sorting"
120006,"KF",2011-10-12,1,6,4,3,2011,"HBI",12.62,1,"all LT circles excluded during inventory status sorting"
120006,"KF",2011-10-12,1,6,4,3,2011,"HBI",17.84,1,"all LT circles excluded during inventory status sorting"
120007,"KF",2012-03-21,1,2,1,3,2012,"HBI",5.64,1,"all LT circles excluded during inventory status sorting"
120007,"KF",2012-03-21,1,2,1,3,2012,"HBI",12.62,1,"all LT circles excluded during inventory status sorting"
120007,"KF",2012-03-21,1,2,1,3,2012,"HBI",17.84,2,"all LT circles excluded during inventory status sorting"
120008,"KF",2011-09-23,1,2,1,3,2011,"HBI",5.64,1,"all LT circles excluded during inventory status sorting"
120008,"KF",2011-09-23,1,2,1,3,2011,"HBI",12.62,1,"all LT circles excluded during inventory status sorting"
120008,"KF",2011-09-23,1,2,1,3,2011,"HBI",17.84,1,"all LT circles excluded during inventory status sorting"
120009,"KF",2011-11-23,1,2,1,3,2011,"HBI",5.64,1,"all LT circles excluded during inventory status sorting"
120009,"KF",2011-11-23,1,2,1,3,2011,"HBI",12.62,1,"all LT circles excluded during inventory status sorting"
120009,"KF",2011-11-23,1,2,1,3,2011,"HBI",17.84,1,"all LT circles excluded during inventory status sorting"
120010,"KF",2011-12-01,1,2,1,3,2011,"HBI",5.64,1,"all LT circles excluded during inventory status sorting"
120010,"KF",2011-12-01,1,2,1,3,2011,"HBI",12.62,1,"all LT circles excluded during inventory status sorting"
120010,"KF",2011-12-01,1,2,1,3,2011,"HBI",17.84,2,"all LT circles excluded during inventory status sorting"
120011,"KF",2011-12-01,1,2,1,3,2011,"HBI",5.64,1,"all LT circles excluded during inventory status sorting"
120011,"KF",2011-12-01,1,2,1,3,2011,"HBI",12.62,1,"all LT circles excluded during inventory status sorting"
120011,"KF",2011-12-01,1,2,1,3,2011,"HBI",17.84,1,"all LT circles excluded during inventory status sorting"
120012,"KF",2012-04-14,1,2,1,3,2012,"HBI",5.64,1,"all LT circles excluded during inventory status sorting"
120012,"KF",2012-04-14,1,2,1,3,2012,"HBI",12.62,1,"all LT circles excluded during inventory status sorting"
120012,"KF",2012-04-14,1,2,1,3,2012,"HBI",17.84,2,"all LT circles excluded during inventory status sorting"
120013,"KF",2011-09-14,1,2,1,3,2011,"HBI",5.64,1,"all LT circles excluded during inventory status sorting"
120013,"KF",2011-09-14,1,2,1,3,2011,"HBI",12.62,1,"all LT circles excluded during inventory status sorting"
120013,"KF",2011-09-14,1,2,1,3,2011,"HBI",17.84,1,"all LT circles excluded during inventory status sorting"
120014,"KF",2011-09-15,1,2,1,3,2011,"HBI",5.64,1,"all LT circles excluded during inventory status sorting"
120014,"KF",2011-09-15,1,2,1,3,2011,"HBI",12.62,1,"all LT circles excluded during inventory status sorting"
120014,"KF",2011-09-15,1,2,1,3,2011,"HBI",17.84,1,"all LT circles excluded during inventory status sorting"
120015,"KF",2011-10-04,1,5,1,3,2011,"HBI",5.64,1,"all LT circles excluded during inventory status sorting"
120015,"KF",2011-10-04,1,5,1,3,2011,"HBI",12.62,1,"all LT circles excluded during inventory status sorting"
120015,"KF",2011-10-04,1,5,1,3,2011,"HBI",17.84,1,"all LT circles excluded during inventory status sorting"
120016,"KF",2011-10-07,1,2,1,3,2011,"HBI",5.64,1,"all LT circles excluded during inventory status sorting"
120016,"KF",2011-10-07,1,2,1,3,2011,"HBI",12.62,1,"all LT circles excluded during inventory status sorting"
120016,"KF",2011-10-07,1,2,1,3,2011,"HBI",17.84,1,"all LT circles excluded during inventory status sorting"
120017,"KF",2011-10-13,1,2,1,3,2011,"HBI",5.64,1,"all LT circles excluded during inventory status sorting"
120017,"KF",2011-10-13,1,2,1,3,2011,"HBI",12.62,1,"all LT circles excluded during inventory status sorting"
120017,"KF",2011-10-13,1,2,1,3,2011,"HBI",17.84,1,"all LT circles excluded during inventory status sorting"
120018,"-9",1970-01-01,-9,-9,-9,3,1970,"warning",5.64,-1,"LT circle excluded during inventory status sorting"
120018,"-9",1970-01-01,-9,-9,-9,3,1970,"warning",12.62,-1,"LT circle excluded during inventory status sorting"
120018,"-9",1970-01-01,-9,-9,-9,3,1970,"warning",17.84,-1,"LT circle excluded during inventory status sorting"
120019,"KF",2012-03-28,1,2,1,3,2012,"HBI",5.64,1,"all LT circles excluded during inventory status sorting"
120019,"KF",2012-03-28,1,2,1,3,2012,"HBI",12.62,1,"all LT circles excluded during inventory status sorting"
120019,"KF",2012-03-28,1,2,1,3,2012,"HBI",17.84,2,"all LT circles excluded during inventory status sorting"
120020,"KF",2011-10-31,1,2,1,3,2011,"HBI",5.64,1,"all LT circles excluded during inventory status sorting"
120020,"KF",2011-10-31,1,2,1,3,2011,"HBI",12.62,1,"all LT circles excluded during inventory status sorting"
120020,"KF",2011-10-31,1,2,1,3,2011,"HBI",17.84,1,"all LT circles excluded during inventory status sorting"
120021,"KF",2011-10-14,1,2,1,3,2011,"HBI",5.64,1,"all LT circles excluded during inventory status sorting"
120021,"KF",2011-10-14,1,2,1,3,2011,"HBI",12.62,1,"all LT circles excluded during inventory status sorting"
120021,"KF",2011-10-14,1,2,1,3,2011,"HBI",17.84,1,"all LT circles excluded during inventory status sorting"
120022,"KF",2011-11-17,1,2,1,3,2011,"HBI",5.64,1,"all LT circles excluded during inventory status sorting"
120022,"KF",2011-11-17,1,2,1,3,2011,"HBI",12.62,1,"all LT circles excluded during inventory status sorting"
120022,"KF",2011-11-17,1,2,1,3,2011,"HBI",17.84,1,"all LT circles excluded during inventory status sorting"
120024,"KF",2011-10-27,1,2,2,3,2011,"HBI",5.64,1,"all LT circles excluded during inventory status sorting"
120024,"KF",2011-10-27,1,2,2,3,2011,"HBI",12.62,1,"all LT circles excluded during inventory status sorting"
120024,"KF",2011-10-27,1,2,2,3,2011,"HBI",17.84,1,"all LT circles excluded during inventory status sorting"
120025,"KF",2011-10-24,1,2,1,3,2011,"HBI",5.64,1,"all LT circles excluded during inventory status sorting"
120025,"KF",2011-10-24,1,2,1,3,2011,"HBI",12.62,1,"all LT circles excluded during inventory status sorting"
120025,"KF",2011-10-24,1,2,1,3,2011,"HBI",17.84,1,"all LT circles excluded during inventory status sorting"
120026,"KF",2012-03-12,1,2,4,3,2012,"HBI",5.64,1,"all LT circles excluded during inventory status sorting"
120026,"KF",2012-03-12,1,2,4,3,2012,"HBI",12.62,1,"all LT circles excluded during inventory status sorting"
120026,"KF",2012-03-12,1,2,4,3,2012,"HBI",17.84,1,"all LT circles excluded during inventory status sorting"
120027,"KF",2012-03-23,1,2,1,3,2012,"HBI",5.64,1,"all LT circles excluded during inventory status sorting"
120027,"KF",2012-03-23,1,2,1,3,2012,"HBI",12.62,1,"all LT circles excluded during inventory status sorting"
120027,"KF",2012-03-23,1,2,1,3,2012,"HBI",17.84,1,"all LT circles excluded during inventory status sorting"
120028,"KF",2011-11-09,1,2,1,3,2011,"HBI",5.64,1,"all LT circles excluded during inventory status sorting"
120028,"KF",2011-11-09,1,2,1,3,2011,"HBI",12.62,1,"all LT circles excluded during inventory status sorting"
120028,"KF",2011-11-09,1,2,1,3,2011,"HBI",17.84,2,"all LT circles excluded during inventory status sorting"
120029,"KF",2011-11-07,1,2,1,3,2011,"HBI",5.64,1,"all LT circles excluded during inventory status sorting"
120029,"KF",2011-11-07,1,2,1,3,2011,"HBI",12.62,1,"all LT circles excluded during inventory status sorting"
120029,"KF",2011-11-07,1,2,1,3,2011,"HBI",17.84,1,"all LT circles excluded during inventory status sorting"
120030,"KF",2011-11-03,1,2,1,3,2011,"HBI",5.64,1,"all LT circles excluded during inventory status sorting"
120030,"KF",2011-11-03,1,2,1,3,2011,"HBI",12.62,1,"all LT circles excluded during inventory status sorting"
120030,"KF",2011-11-03,1,2,1,3,2011,"HBI",17.84,1,"all LT circles excluded during inventory status sorting"
120031,"KF",2011-11-10,1,2,1,3,2011,"HBI",5.64,1,"all LT circles excluded during inventory status sorting"
120031,"KF",2011-11-10,1,2,1,3,2011,"HBI",12.62,1,"all LT circles excluded during inventory status sorting"
120031,"KF",2011-11-10,1,2,1,3,2011,"HBI",17.84,1,"all LT circles excluded during inventory status sorting"
120032,"KF",2011-11-02,1,2,4,3,2011,"HBI",5.64,1,"all LT circles excluded during inventory status sorting"
120032,"KF",2011-11-02,1,2,4,3,2011,"HBI",12.62,1,"all LT circles excluded during inventory status sorting"
120032,"KF",2011-11-02,1,2,4,3,2011,"HBI",17.84,1,"all LT circles excluded during inventory status sorting"
120033,"KF",2011-11-15,1,2,1,3,2011,"HBI",5.64,1,"all LT circles excluded during inventory status sorting"
120033,"KF",2011-11-15,1,2,1,3,2011,"HBI",12.62,1,"all LT circles excluded during inventory status sorting"
120033,"KF",2011-11-15,1,2,1,3,2011,"HBI",17.84,2,"all LT circles excluded during inventory status sorting"
120034,"KF",2012-04-20,1,2,1,3,2012,"HBI",5.64,1,"all LT circles excluded during inventory status sorting"
120034,"KF",2012-04-20,1,2,1,3,2012,"HBI",12.62,1,"all LT circles excluded during inventory status sorting"
120034,"KF",2012-04-20,1,2,1,3,2012,"HBI",17.84,2,"all LT circles excluded during inventory status sorting"
120035,"KF",2012-04-21,1,2,1,3,2012,"HBI",5.64,1,"all LT circles excluded during inventory status sorting"
120035,"KF",2012-04-21,1,2,1,3,2012,"HBI",12.62,1,"all LT circles excluded during inventory status sorting"
120035,"KF",2012-04-21,1,2,1,3,2012,"HBI",17.84,2,"all LT circles excluded during inventory status sorting"
120036,"KF",2012-03-13,1,2,1,3,2012,"HBI",5.64,1,"all LT circles excluded during inventory status sorting"
120036,"KF",2012-03-13,1,2,1,3,2012,"HBI",12.62,1,"all LT circles excluded during inventory status sorting"
120036,"KF",2012-03-13,1,2,1,3,2012,"HBI",17.84,2,"all LT circles excluded during inventory status sorting"
120037,"KF",2011-11-10,1,2,1,3,2011,"HBI",5.64,1,"all LT circles excluded during inventory status sorting"
120037,"KF",2011-11-10,1,2,1,3,2011,"HBI",12.62,1,"all LT circles excluded during inventory status sorting"
120037,"KF",2011-11-10,1,2,1,3,2011,"HBI",17.84,2,"all LT circles excluded during inventory status sorting"
120038,"KF",2011-11-11,1,2,1,3,2011,"HBI",5.64,1,"all LT circles excluded during inventory status sorting"
120038,"KF",2011-11-11,1,2,1,3,2011,"HBI",12.62,1,"all LT circles excluded during inventory status sorting"
120038,"KF",2011-11-11,1,2,1,3,2011,"HBI",17.84,1,"all LT circles excluded during inventory status sorting"
120039,"KF",2011-11-11,1,2,1,3,2011,"HBI",5.64,1,"all LT circles excluded during inventory status sorting"
120039,"KF",2011-11-11,1,2,1,3,2011,"HBI",12.62,1,"all LT circles excluded during inventory status sorting"
120039,"KF",2011-11-11,1,2,1,3,2011,"HBI",17.84,2,"all LT circles excluded during inventory status sorting"
120040,"KF",2012-04-26,1,2,1,3,2012,"HBI",5.64,1,"all LT circles excluded during inventory status sorting"
120040,"KF",2012-04-26,1,2,1,3,2012,"HBI",12.62,1,"all LT circles excluded during inventory status sorting"
120040,"KF",2012-04-26,1,2,1,3,2012,"HBI",17.84,2,"all LT circles excluded during inventory status sorting"
120041,"KF",2012-04-24,1,2,1,3,2012,"HBI",5.64,1,"all LT circles excluded during inventory status sorting"
120041,"KF",2012-04-24,1,2,1,3,2012,"HBI",12.62,1,"all LT circles excluded during inventory status sorting"
120041,"KF",2012-04-24,1,2,1,3,2012,"HBI",17.84,2,"all LT circles excluded during inventory status sorting"
120042,"KF",2012-04-17,1,2,1,3,2012,"HBI",5.64,1,"all LT circles excluded during inventory status sorting"
120042,"KF",2012-04-17,1,2,1,3,2012,"HBI",12.62,1,"all LT circles excluded during inventory status sorting"
120042,"KF",2012-04-17,1,2,1,3,2012,"HBI",17.84,1,"all LT circles excluded during inventory status sorting"
120043,"KF",2012-04-24,1,2,1,3,2012,"HBI",5.64,1,"all LT circles excluded during inventory status sorting"
120043,"KF",2012-04-24,1,2,1,3,2012,"HBI",12.62,1,"all LT circles excluded during inventory status sorting"
120043,"KF",2012-04-24,1,2,1,3,2012,"HBI",17.84,2,"all LT circles excluded during inventory status sorting"
120044,"KF",2012-04-18,1,2,1,3,2012,"HBI",5.64,1,"all LT circles excluded during inventory status sorting"
120044,"KF",2012-04-18,1,2,1,3,2012,"HBI",12.62,1,"all LT circles excluded during inventory status sorting"
120044,"KF",2012-04-18,1,2,1,3,2012,"HBI",17.84,2,"all LT circles excluded during inventory status sorting"
120045,"KF",2012-04-25,1,2,1,3,2012,"HBI",5.64,1,"all LT circles excluded during inventory status sorting"
120045,"KF",2012-04-25,1,2,1,3,2012,"HBI",12.62,1,"all LT circles excluded during inventory status sorting"
120045,"KF",2012-04-25,1,2,1,3,2012,"HBI",17.84,1,"all LT circles excluded during inventory status sorting"
120046,"KF",2012-04-05,1,2,1,3,2012,"HBI",5.64,1,"all LT circles excluded during inventory status sorting"
120046,"KF",2012-04-05,1,2,1,3,2012,"HBI",12.62,1,"all LT circles excluded during inventory status sorting"
120046,"KF",2012-04-05,1,2,1,3,2012,"HBI",17.84,1,"all LT circles excluded during inventory status sorting"
120047,"KF",2012-04-07,1,2,2,3,2012,"HBI",5.64,1,"all LT circles excluded during inventory status sorting"
120047,"KF",2012-04-07,1,2,2,3,2012,"HBI",12.62,1,"all LT circles excluded during inventory status sorting"
120047,"KF",2012-04-07,1,2,2,3,2012,"HBI",17.84,1,"all LT circles excluded during inventory status sorting"
120048,"-9",1970-01-01,-9,-9,-9,3,1970,"warning",5.64,-1,"LT circle excluded during inventory status sorting"
120048,"-9",1970-01-01,-9,-9,-9,3,1970,"warning",12.62,-1,"LT circle excluded during inventory status sorting"
120048,"-9",1970-01-01,-9,-9,-9,3,1970,"warning",17.84,-1,"LT circle excluded during inventory status sorting"
120049,"KF",2011-09-29,1,4,4,3,2011,"HBI",5.64,2,"all LT circles excluded during inventory status sorting"
120049,"KF",2011-09-29,1,4,4,3,2011,"HBI",12.62,1,"all LT circles excluded during inventory status sorting"
120049,"KF",2011-09-29,1,4,4,3,2011,"HBI",17.84,1,"all LT circles excluded during inventory status sorting"
120050,"-9",1970-01-01,-9,-9,-9,3,1970,"warning",5.64,-1,"LT circle excluded during inventory status sorting"
120050,"-9",1970-01-01,-9,-9,-9,3,1970,"warning",12.62,-1,"LT circle excluded during inventory status sorting"
120050,"-9",1970-01-01,-9,-9,-9,3,1970,"warning",17.84,-1,"LT circle excluded during inventory status sorting"
120051,"-9",1970-01-01,-9,-9,-9,3,1970,"warning",5.64,-1,"LT circle excluded during inventory status sorting"
120051,"-9",1970-01-01,-9,-9,-9,3,1970,"warning",12.62,-1,"LT circle excluded during inventory status sorting"
120051,"-9",1970-01-01,-9,-9,-9,3,1970,"warning",17.84,-1,"LT circle excluded during inventory status sorting"
120052,"KF",2011-09-30,1,4,4,3,2011,"HBI",5.64,1,"all LT circles excluded during inventory status sorting"
120052,"KF",2011-09-30,1,4,4,3,2011,"HBI",12.62,1,"all LT circles excluded during inventory status sorting"
120052,"KF",2011-09-30,1,4,4,3,2011,"HBI",17.84,1,"all LT circles excluded during inventory status sorting"
120053,"KF",2011-10-10,1,3,1,3,2011,"HBI",5.64,1,"all LT circles excluded during inventory status sorting"
120053,"KF",2011-10-10,1,3,1,3,2011,"HBI",12.62,1,"all LT circles excluded during inventory status sorting"
120053,"KF",2011-10-10,1,3,1,3,2011,"HBI",17.84,1,"all LT circles excluded during inventory status sorting"
120054,"KF",2011-10-12,1,2,1,3,2011,"HBI",5.64,1,"all LT circles excluded during inventory status sorting"
120054,"KF",2011-10-12,1,2,1,3,2011,"HBI",12.62,1,"all LT circles excluded during inventory status sorting"
120054,"KF",2011-10-12,1,2,1,3,2011,"HBI",17.84,2,"all LT circles excluded during inventory status sorting"
120055,"KF",2011-11-30,1,2,1,3,2011,"HBI",5.64,1,"all LT circles excluded during inventory status sorting"
120055,"KF",2011-11-30,1,2,1,3,2011,"HBI",12.62,1,"all LT circles excluded during inventory status sorting"
120055,"KF",2011-11-30,1,2,1,3,2011,"HBI",17.84,2,"all LT circles excluded during inventory status sorting"
120056,"KF",2012-03-20,1,4,1,3,2012,"HBI",5.64,1,"all LT circles excluded during inventory status sorting"
120056,"KF",2012-03-20,1,4,1,3,2012,"HBI",12.62,1,"all LT circles excluded during inventory status sorting"
120056,"KF",2012-03-20,1,4,1,3,2012,"HBI",17.84,1,"all LT circles excluded during inventory status sorting"
120057,"KF",2012-01-21,1,2,1,3,2012,"HBI",5.64,1,"all LT circles excluded during inventory status sorting"
120057,"KF",2012-01-21,1,2,1,3,2012,"HBI",12.62,1,"all LT circles excluded during inventory status sorting"
120057,"KF",2012-01-21,1,2,1,3,2012,"HBI",17.84,1,"all LT circles excluded during inventory status sorting"
120058,"KF",2012-04-12,1,2,4,3,2012,"HBI",5.64,1,"all LT circles excluded during inventory status sorting"
120058,"KF",2012-04-12,1,2,4,3,2012,"HBI",12.62,1,"all LT circles excluded during inventory status sorting"
120058,"KF",2012-04-12,1,2,4,3,2012,"HBI",17.84,1,"all LT circles excluded during inventory status sorting"
120059,"KF",2012-04-14,1,3,1,3,2012,"HBI",5.64,2,"all LT circles excluded during inventory status sorting"
120059,"KF",2012-04-14,1,3,1,3,2012,"HBI",12.62,2,"all LT circles excluded during inventory status sorting"
120059,"KF",2012-04-14,1,3,1,3,2012,"HBI",17.84,2,"all LT circles excluded during inventory status sorting"
120060,"KF",2011-09-16,1,1,1,3,2011,"HBI",5.64,1,"all LT circles excluded during inventory status sorting"
120060,"KF",2011-09-16,1,1,1,3,2011,"HBI",12.62,1,"all LT circles excluded during inventory status sorting"
120060,"KF",2011-09-16,1,1,1,3,2011,"HBI",17.84,1,"all LT circles excluded during inventory status sorting"
120061,"KF",2011-09-23,1,2,1,3,2011,"HBI",5.64,1,"all LT circles excluded during inventory status sorting"
120061,"KF",2011-09-23,1,2,1,3,2011,"HBI",12.62,1,"all LT circles excluded during inventory status sorting"
120061,"KF",2011-09-23,1,2,1,3,2011,"HBI",17.84,1,"all LT circles excluded during inventory status sorting"
120062,"KF",2012-04-14,1,2,1,3,2012,"HBI",5.64,1,"all LT circles excluded during inventory status sorting"
120062,"KF",2012-04-14,1,2,1,3,2012,"HBI",12.62,1,"all LT circles excluded during inventory status sorting"
120062,"KF",2012-04-14,1,2,1,3,2012,"HBI",17.84,1,"all LT circles excluded during inventory status sorting"
120063,"KF",2012-04-13,1,3,6,3,2012,"HBI",5.64,1,"all LT circles excluded during inventory status sorting"
120063,"KF",2012-04-13,1,3,6,3,2012,"HBI",12.62,1,"all LT circles excluded during inventory status sorting"
120063,"KF",2012-04-13,1,3,6,3,2012,"HBI",17.84,1,"all LT circles excluded during inventory status sorting"
120065,"KF",2011-09-13,1,3,1,3,2011,"HBI",5.64,1,"all LT circles excluded during inventory status sorting"
120065,"KF",2011-09-13,1,3,1,3,2011,"HBI",12.62,1,"all LT circles excluded during inventory status sorting"
120065,"KF",2011-09-13,1,3,1,3,2011,"HBI",17.84,1,"all LT circles excluded during inventory status sorting"
120066,"KF",2011-09-28,1,2,1,3,2011,"HBI",5.64,1,"all LT circles excluded during inventory status sorting"
120066,"KF",2011-09-28,1,2,1,3,2011,"HBI",12.62,1,"all LT circles excluded during inventory status sorting"
120066,"KF",2011-09-28,1,2,1,3,2011,"HBI",17.84,1,"all LT circles excluded during inventory status sorting"
120067,"KF",2011-11-23,1,2,1,3,2011,"HBI",5.64,1,"all LT circles excluded during inventory status sorting"
120067,"KF",2011-11-23,1,2,1,3,2011,"HBI",12.62,1,"all LT circles excluded during inventory status sorting"
120067,"KF",2011-11-23,1,2,1,3,2011,"HBI",17.84,2,"all LT circles excluded during inventory status sorting"
120068,"KF",2011-11-23,1,2,1,3,2011,"HBI",5.64,1,"all LT circles excluded during inventory status sorting"
120068,"KF",2011-11-23,1,2,1,3,2011,"HBI",12.62,1,"all LT circles excluded during inventory status sorting"
120068,"KF",2011-11-23,1,2,1,3,2011,"HBI",17.84,1,"all LT circles excluded during inventory status sorting"
120069,"KF",2011-12-01,1,2,1,3,2011,"HBI",5.64,1,"all LT circles excluded during inventory status sorting"
120069,"KF",2011-12-01,1,2,1,3,2011,"HBI",12.62,1,"all LT circles excluded during inventory status sorting"
120069,"KF",2011-12-01,1,2,1,3,2011,"HBI",17.84,2,"all LT circles excluded during inventory status sorting"
120070,"KF",2012-04-13,1,2,1,3,2012,"HBI",5.64,1,"all LT circles excluded during inventory status sorting"
120070,"KF",2012-04-13,1,2,1,3,2012,"HBI",12.62,1,"all LT circles excluded during inventory status sorting"
120070,"KF",2012-04-13,1,2,1,3,2012,"HBI",17.84,1,"all LT circles excluded during inventory status sorting"
120071,"KF",2011-09-16,1,3,4,3,2011,"HBI",5.64,1,"all LT circles excluded during inventory status sorting"
120071,"KF",2011-09-16,1,3,4,3,2011,"HBI",12.62,1,"all LT circles excluded during inventory status sorting"
120071,"KF",2011-09-16,1,3,4,3,2011,"HBI",17.84,1,"all LT circles excluded during inventory status sorting"
120072,"KF",2011-09-13,1,5,5,3,2011,"HBI",5.64,1,"all LT circles excluded during inventory status sorting"
120072,"KF",2011-09-13,1,5,5,3,2011,"HBI",12.62,1,"all LT circles excluded during inventory status sorting"
120072,"KF",2011-09-13,1,5,5,3,2011,"HBI",17.84,1,"all LT circles excluded during inventory status sorting"
120073,"KF",2011-10-25,1,2,1,3,2011,"HBI",5.64,1,"all LT circles excluded during inventory status sorting"
120073,"KF",2011-10-25,1,2,1,3,2011,"HBI",12.62,1,"all LT circles excluded during inventory status sorting"
120073,"KF",2011-10-25,1,2,1,3,2011,"HBI",17.84,2,"all LT circles excluded during inventory status sorting"
120074,"KF",2011-09-15,1,2,1,3,2011,"HBI",5.64,1,"all LT circles excluded during inventory status sorting"
120074,"KF",2011-09-15,1,2,1,3,2011,"HBI",12.62,1,"all LT circles excluded during inventory status sorting"
120074,"KF",2011-09-15,1,2,1,3,2011,"HBI",17.84,1,"all LT circles excluded during inventory status sorting"
120075,"KF",2011-10-07,1,2,1,3,2011,"HBI",5.64,1,"all LT circles excluded during inventory status sorting"
120075,"KF",2011-10-07,1,2,1,3,2011,"HBI",12.62,1,"all LT circles excluded during inventory status sorting"
120075,"KF",2011-10-07,1,2,1,3,2011,"HBI",17.84,1,"all LT circles excluded during inventory status sorting"
120076,"KF",2011-10-26,1,2,1,3,2011,"HBI",5.64,1,"all LT circles excluded during inventory status sorting"
120076,"KF",2011-10-26,1,2,1,3,2011,"HBI",12.62,1,"all LT circles excluded during inventory status sorting"
120076,"KF",2011-10-26,1,2,1,3,2011,"HBI",17.84,1,"all LT circles excluded during inventory status sorting"
120077,"KF",2011-09-22,1,2,2,3,2011,"HBI",5.64,1,"all LT circles excluded during inventory status sorting"
120077,"KF",2011-09-22,1,2,2,3,2011,"HBI",12.62,1,"all LT circles excluded during inventory status sorting"
120077,"KF",2011-09-22,1,2,2,3,2011,"HBI",17.84,1,"all LT circles excluded during inventory status sorting"
120078,"-9",1970-01-01,-9,-9,-9,3,1970,"warning",5.64,-1,"LT circle excluded during inventory status sorting"
120078,"-9",1970-01-01,-9,-9,-9,3,1970,"warning",12.62,-1,"LT circle excluded during inventory status sorting"
120078,"-9",1970-01-01,-9,-9,-9,3,1970,"warning",17.84,-1,"LT circle excluded during inventory status sorting"
120079,"KF",2011-09-26,1,2,1,3,2011,"HBI",5.64,1,"all LT circles excluded during inventory status sorting"
120079,"KF",2011-09-26,1,2,1,3,2011,"HBI",12.62,1,"all LT circles excluded during inventory status sorting"
120079,"KF",2011-09-26,1,2,1,3,2011,"HBI",17.84,2,"all LT circles excluded during inventory status sorting"
120080,"-9",1970-01-01,-9,-9,-9,3,1970,"warning",5.64,-1,"LT circle excluded during inventory status sorting"
120080,"-9",1970-01-01,-9,-9,-9,3,1970,"warning",12.62,-1,"LT circle excluded during inventory status sorting"
120080,"-9",1970-01-01,-9,-9,-9,3,1970,"warning",17.84,-1,"LT circle excluded during inventory status sorting"
120081,"KF",2011-10-04,1,2,1,3,2011,"HBI",5.64,1,"all LT circles excluded during inventory status sorting"
120081,"KF",2011-10-04,1,2,1,3,2011,"HBI",12.62,1,"all LT circles excluded during inventory status sorting"
120081,"KF",2011-10-04,1,2,1,3,2011,"HBI",17.84,1,"all LT circles excluded during inventory status sorting"
120083,"KF",2012-03-27,1,2,4,3,2012,"HBI",5.64,1,"all LT circles excluded during inventory status sorting"
120083,"KF",2012-03-27,1,2,4,3,2012,"HBI",12.62,1,"all LT circles excluded during inventory status sorting"
120083,"KF",2012-03-27,1,2,4,3,2012,"HBI",17.84,1,"all LT circles excluded during inventory status sorting"
120084,"KF",2011-10-13,1,6,1,3,2011,"HBI",5.64,1,"all LT circles excluded during inventory status sorting"
120084,"KF",2011-10-13,1,6,1,3,2011,"HBI",12.62,1,"all LT circles excluded during inventory status sorting"
120084,"KF",2011-10-13,1,6,1,3,2011,"HBI",17.84,1,"all LT circles excluded during inventory status sorting"
120085,"KF",2011-10-26,1,5,1,3,2011,"HBI",5.64,1,"all LT circles excluded during inventory status sorting"
120085,"KF",2011-10-26,1,5,1,3,2011,"HBI",12.62,1,"all LT circles excluded during inventory status sorting"
120085,"KF",2011-10-26,1,5,1,3,2011,"HBI",17.84,1,"all LT circles excluded during inventory status sorting"
120086,"KF",2011-11-17,1,2,2,3,2011,"HBI",5.64,1,"all LT circles excluded during inventory status sorting"
120086,"KF",2011-11-17,1,2,2,3,2011,"HBI",12.62,1,"all LT circles excluded during inventory status sorting"
120086,"KF",2011-11-17,1,2,2,3,2011,"HBI",17.84,1,"all LT circles excluded during inventory status sorting"
120087,"KF",2011-10-14,1,8,2,3,2011,"HBI",5.64,1,"all LT circles excluded during inventory status sorting"
120087,"KF",2011-10-14,1,8,2,3,2011,"HBI",12.62,1,"all LT circles excluded during inventory status sorting"
120087,"KF",2011-10-14,1,8,2,3,2011,"HBI",17.84,1,"all LT circles excluded during inventory status sorting"
120088,"KF",2011-11-24,1,2,2,3,2011,"HBI",5.64,1,"all LT circles excluded during inventory status sorting"
120088,"KF",2011-11-24,1,2,2,3,2011,"HBI",12.62,1,"all LT circles excluded during inventory status sorting"
120088,"KF",2011-11-24,1,2,2,3,2011,"HBI",17.84,1,"all LT circles excluded during inventory status sorting"
120089,"KF",2011-11-17,1,2,1,3,2011,"HBI",5.64,1,"all LT circles excluded during inventory status sorting"
120089,"KF",2011-11-17,1,2,1,3,2011,"HBI",12.62,1,"all LT circles excluded during inventory status sorting"
120089,"KF",2011-11-17,1,2,1,3,2011,"HBI",17.84,1,"all LT circles excluded during inventory status sorting"
120090,"KF",2011-10-20,1,2,1,3,2011,"HBI",5.64,1,"all LT circles excluded during inventory status sorting"
120090,"KF",2011-10-20,1,2,1,3,2011,"HBI",12.62,1,"all LT circles excluded during inventory status sorting"
120090,"KF",2011-10-20,1,2,1,3,2011,"HBI",17.84,1,"all LT circles excluded during inventory status sorting"
120091,"KF",2011-10-20,1,2,5,3,2011,"HBI",5.64,1,"all LT circles excluded during inventory status sorting"
120091,"KF",2011-10-20,1,2,5,3,2011,"HBI",12.62,1,"all LT circles excluded during inventory status sorting"
120091,"KF",2011-10-20,1,2,5,3,2011,"HBI",17.84,1,"all LT circles excluded during inventory status sorting"
120092,"KF",2011-11-16,1,2,1,3,2011,"HBI",5.64,1,"all LT circles excluded during inventory status sorting"
120092,"KF",2011-11-16,1,2,1,3,2011,"HBI",12.62,1,"all LT circles excluded during inventory status sorting"
120092,"KF",2011-11-16,1,2,1,3,2011,"HBI",17.84,1,"all LT circles excluded during inventory status sorting"
120093,"KF",2011-10-31,1,2,1,3,2011,"HBI",5.64,1,"all LT circles excluded during inventory status sorting"
120093,"KF",2011-10-31,1,2,1,3,2011,"HBI",12.62,1,"all LT circles excluded during inventory status sorting"
120093,"KF",2011-10-31,1,2,1,3,2011,"HBI",17.84,1,"all LT circles excluded during inventory status sorting"
120094,"KF",2011-10-27,1,5,1,3,2011,"HBI",5.64,1,"all LT circles excluded during inventory status sorting"
120094,"KF",2011-10-27,1,5,1,3,2011,"HBI",12.62,1,"all LT circles excluded during inventory status sorting"
120094,"KF",2011-10-27,1,5,1,3,2011,"HBI",17.84,1,"all LT circles excluded during inventory status sorting"
120095,"KF",2011-10-24,1,2,1,3,2011,"HBI",5.64,1,"all LT circles excluded during inventory status sorting"
120095,"KF",2011-10-24,1,2,1,3,2011,"HBI",12.62,1,"all LT circles excluded during inventory status sorting"
120095,"KF",2011-10-24,1,2,1,3,2011,"HBI",17.84,1,"all LT circles excluded during inventory status sorting"
120096,"KF",2012-03-12,1,2,1,3,2012,"HBI",5.64,1,"all LT circles excluded during inventory status sorting"
120096,"KF",2012-03-12,1,2,1,3,2012,"HBI",12.62,1,"all LT circles excluded during inventory status sorting"
120096,"KF",2012-03-12,1,2,1,3,2012,"HBI",17.84,2,"all LT circles excluded during inventory status sorting"
120097,"KF",2011-11-14,1,8,2,3,2011,"HBI",5.64,1,"all LT circles excluded during inventory status sorting"
120097,"KF",2011-11-14,1,8,2,3,2011,"HBI",12.62,1,"all LT circles excluded during inventory status sorting"
120097,"KF",2011-11-14,1,8,2,3,2011,"HBI",17.84,1,"all LT circles excluded during inventory status sorting"
120098,"KF",2011-11-16,1,8,1,3,2011,"HBI",5.64,1,"all LT circles excluded during inventory status sorting"
120098,"KF",2011-11-16,1,8,1,3,2011,"HBI",12.62,1,"all LT circles excluded during inventory status sorting"
120098,"KF",2011-11-16,1,8,1,3,2011,"HBI",17.84,1,"all LT circles excluded during inventory status sorting"
120099,"KF",2012-03-22,1,8,4,3,2012,"HBI",5.64,1,"all LT circles excluded during inventory status sorting"
120099,"KF",2012-03-22,1,8,4,3,2012,"HBI",12.62,1,"all LT circles excluded during inventory status sorting"
120099,"KF",2012-03-22,1,8,4,3,2012,"HBI",17.84,2,"all LT circles excluded during inventory status sorting"
120100,"KF",2011-10-28,1,2,1,3,2011,"HBI",5.64,1,"all LT circles excluded during inventory status sorting"
120100,"KF",2011-10-28,1,2,1,3,2011,"HBI",12.62,1,"all LT circles excluded during inventory status sorting"
120100,"KF",2011-10-28,1,2,1,3,2011,"HBI",17.84,1,"all LT circles excluded during inventory status sorting"
120101,"KF",2011-11-04,1,2,2,3,2011,"HBI",5.64,1,"all LT circles excluded during inventory status sorting"
120101,"KF",2011-11-04,1,2,2,3,2011,"HBI",12.62,1,"all LT circles excluded during inventory status sorting"
120101,"KF",2011-11-04,1,2,2,3,2011,"HBI",17.84,1,"all LT circles excluded during inventory status sorting"
120102,"KF",2011-11-04,1,2,1,3,2011,"HBI",5.64,1,"all LT circles excluded during inventory status sorting"
120102,"KF",2011-11-04,1,2,1,3,2011,"HBI",12.62,1,"all LT circles excluded during inventory status sorting"
120102,"KF",2011-11-04,1,2,1,3,2011,"HBI",17.84,1,"all LT circles excluded during inventory status sorting"
120103,"KF",2011-11-14,1,2,1,3,2011,"HBI",5.64,1,"all LT circles excluded during inventory status sorting"
120103,"KF",2011-11-14,1,2,1,3,2011,"HBI",12.62,1,"all LT circles excluded during inventory status sorting"
120103,"KF",2011-11-14,1,2,1,3,2011,"HBI",17.84,1,"all LT circles excluded during inventory status sorting"
120104,"KF",2011-11-02,1,5,1,3,2011,"HBI",5.64,1,"all LT circles excluded during inventory status sorting"
120104,"KF",2011-11-02,1,5,1,3,2011,"HBI",12.62,1,"all LT circles excluded during inventory status sorting"
120104,"KF",2011-11-02,1,5,1,3,2011,"HBI",17.84,1,"all LT circles excluded during inventory status sorting"
120105,"KF",2011-11-15,1,2,1,3,2011,"HBI",5.64,1,"all LT circles excluded during inventory status sorting"
120105,"KF",2011-11-15,1,2,1,3,2011,"HBI",12.62,1,"all LT circles excluded during inventory status sorting"
120105,"KF",2011-11-15,1,2,1,3,2011,"HBI",17.84,1,"all LT circles excluded during inventory status sorting"
120106,"KF",2011-11-07,1,2,2,3,2011,"HBI",5.64,1,"all LT circles excluded during inventory status sorting"
120106,"KF",2011-11-07,1,2,2,3,2011,"HBI",12.62,1,"all LT circles excluded during inventory status sorting"
120106,"KF",2011-11-07,1,2,2,3,2011,"HBI",17.84,1,"all LT circles excluded during inventory status sorting"
120107,"KF",2011-11-08,1,2,1,3,2011,"HBI",5.64,1,"all LT circles excluded during inventory status sorting"
120107,"KF",2011-11-08,1,2,1,3,2011,"HBI",12.62,1,"all LT circles excluded during inventory status sorting"
120107,"KF",2011-11-08,1,2,1,3,2011,"HBI",17.84,1,"all LT circles excluded during inventory status sorting"
120108,"KF",2012-04-30,1,2,1,3,2012,"HBI",5.64,1,"all LT circles excluded during inventory status sorting"
120108,"KF",2012-04-30,1,2,1,3,2012,"HBI",12.62,1,"all LT circles excluded during inventory status sorting"
120108,"KF",2012-04-30,1,2,1,3,2012,"HBI",17.84,1,"all LT circles excluded during inventory status sorting"
120109,"KF",2012-04-30,1,2,5,3,2012,"HBI",5.64,1,"all LT circles excluded during inventory status sorting"
120109,"KF",2012-04-30,1,2,5,3,2012,"HBI",12.62,1,"all LT circles excluded during inventory status sorting"
120109,"KF",2012-04-30,1,2,5,3,2012,"HBI",17.84,1,"all LT circles excluded during inventory status sorting"
120110,"KF",2012-03-14,1,3,1,3,2012,"HBI",5.64,1,"all LT circles excluded during inventory status sorting"
120110,"KF",2012-03-14,1,3,1,3,2012,"HBI",12.62,1,"all LT circles excluded during inventory status sorting"
120110,"KF",2012-03-14,1,3,1,3,2012,"HBI",17.84,1,"all LT circles excluded during inventory status sorting"
120111,"KF",2012-03-14,1,2,1,3,2012,"HBI",5.64,1,"all LT circles excluded during inventory status sorting"
120111,"KF",2012-03-14,1,2,1,3,2012,"HBI",12.62,1,"all LT circles excluded during inventory status sorting"
120111,"KF",2012-03-14,1,2,1,3,2012,"HBI",17.84,1,"all LT circles excluded during inventory status sorting"
120112,"KF",2011-11-08,1,2,4,3,2011,"HBI",5.64,1,"all LT circles excluded during inventory status sorting"
120112,"KF",2011-11-08,1,2,4,3,2011,"HBI",12.62,1,"all LT circles excluded during inventory status sorting"
120112,"KF",2011-11-08,1,2,4,3,2011,"HBI",17.84,1,"all LT circles excluded during inventory status sorting"
120113,"KF",2011-11-02,1,2,1,3,2011,"HBI",5.64,1,"all LT circles excluded during inventory status sorting"
120113,"KF",2011-11-02,1,2,1,3,2011,"HBI",12.62,1,"all LT circles excluded during inventory status sorting"
120113,"KF",2011-11-02,1,2,1,3,2011,"HBI",17.84,1,"all LT circles excluded during inventory status sorting"
120114,"KF",2011-11-15,1,2,1,3,2011,"HBI",5.64,1,"all LT circles excluded during inventory status sorting"
120114,"KF",2011-11-15,1,2,1,3,2011,"HBI",12.62,1,"all LT circles excluded during inventory status sorting"
120114,"KF",2011-11-15,1,2,1,3,2011,"HBI",17.84,1,"all LT circles excluded during inventory status sorting"
120115,"KF",2012-04-21,1,2,1,3,2012,"HBI",5.64,1,"all LT circles excluded during inventory status sorting"
120115,"KF",2012-04-21,1,2,1,3,2012,"HBI",12.62,1,"all LT circles excluded during inventory status sorting"
120115,"KF",2012-04-21,1,2,1,3,2012,"HBI",17.84,2,"all LT circles excluded during inventory status sorting"
120116,"KF",2012-03-13,1,2,1,3,2012,"HBI",5.64,1,"all LT circles excluded during inventory status sorting"
120116,"KF",2012-03-13,1,2,1,3,2012,"HBI",12.62,1,"all LT circles excluded during inventory status sorting"
120116,"KF",2012-03-13,1,2,1,3,2012,"HBI",17.84,2,"all LT circles excluded during inventory status sorting"
120117,"KF",2011-11-10,1,3,1,3,2011,"HBI",5.64,1,"all LT circles excluded during inventory status sorting"
120117,"KF",2011-11-10,1,3,1,3,2011,"HBI",12.62,1,"all LT circles excluded during inventory status sorting"
120117,"KF",2011-11-10,1,3,1,3,2011,"HBI",17.84,2,"all LT circles excluded during inventory status sorting"
120118,"KF",2011-11-09,1,2,1,3,2011,"HBI",5.64,1,"all LT circles excluded during inventory status sorting"
120118,"KF",2011-11-09,1,2,1,3,2011,"HBI",12.62,1,"all LT circles excluded during inventory status sorting"
120118,"KF",2011-11-09,1,2,1,3,2011,"HBI",17.84,2,"all LT circles excluded during inventory status sorting"
120119,"KF",2011-11-01,1,8,1,3,2011,"HBI",5.64,2,"all LT circles excluded during inventory status sorting"
120119,"KF",2011-11-01,1,8,1,3,2011,"HBI",12.62,1,"all LT circles excluded during inventory status sorting"
120119,"KF",2011-11-01,1,8,1,3,2011,"HBI",17.84,1,"all LT circles excluded during inventory status sorting"
120120,"KF",2012-04-20,1,2,1,3,2012,"HBI",5.64,1,"all LT circles excluded during inventory status sorting"
120120,"KF",2012-04-20,1,2,1,3,2012,"HBI",12.62,1,"all LT circles excluded during inventory status sorting"
120120,"KF",2012-04-20,1,2,1,3,2012,"HBI",17.84,1,"all LT circles excluded during inventory status sorting"
120122,"KF",2012-03-20,1,2,1,3,2012,"HBI",5.64,1,"all LT circles excluded during inventory status sorting"
120122,"KF",2012-03-20,1,2,1,3,2012,"HBI",12.62,1,"all LT circles excluded during inventory status sorting"
120122,"KF",2012-03-20,1,2,1,3,2012,"HBI",17.84,1,"all LT circles excluded during inventory status sorting"
120123,"KF",2012-03-19,1,2,1,3,2012,"HBI",5.64,1,"all LT circles excluded during inventory status sorting"
120123,"KF",2012-03-19,1,2,1,3,2012,"HBI",12.62,1,"all LT circles excluded during inventory status sorting"
120123,"KF",2012-03-19,1,2,1,3,2012,"HBI",17.84,1,"all LT circles excluded during inventory status sorting"
120124,"KF",2012-03-13,1,2,1,3,2012,"HBI",5.64,1,"all LT circles excluded during inventory status sorting"
120124,"KF",2012-03-13,1,2,1,3,2012,"HBI",12.62,1,"all LT circles excluded during inventory status sorting"
120124,"KF",2012-03-13,1,2,1,3,2012,"HBI",17.84,1,"all LT circles excluded during inventory status sorting"
120125,"KF",2011-11-18,1,2,1,3,2011,"HBI",5.64,1,"all LT circles excluded during inventory status sorting"
120125,"KF",2011-11-18,1,2,1,3,2011,"HBI",12.62,1,"all LT circles excluded during inventory status sorting"
120125,"KF",2011-11-18,1,2,1,3,2011,"HBI",17.84,2,"all LT circles excluded during inventory status sorting"
120127,"KF",2011-11-18,1,2,1,3,2011,"HBI",5.64,1,"all LT circles excluded during inventory status sorting"
120127,"KF",2011-11-18,1,2,1,3,2011,"HBI",12.62,1,"all LT circles excluded during inventory status sorting"
120127,"KF",2011-11-18,1,2,1,3,2011,"HBI",17.84,2,"all LT circles excluded during inventory status sorting"
120128,"KF",2011-11-01,1,2,1,3,2011,"HBI",5.64,1,"all LT circles excluded during inventory status sorting"
120128,"KF",2011-11-01,1,2,1,3,2011,"HBI",12.62,1,"all LT circles excluded during inventory status sorting"
120128,"KF",2011-11-01,1,2,1,3,2011,"HBI",17.84,1,"all LT circles excluded during inventory status sorting"
120129,"KF",2011-11-11,1,2,1,3,2011,"HBI",5.64,1,"all LT circles excluded during inventory status sorting"
120129,"KF",2011-11-11,1,2,1,3,2011,"HBI",12.62,1,"all LT circles excluded during inventory status sorting"
120129,"KF",2011-11-11,1,2,1,3,2011,"HBI",17.84,2,"all LT circles excluded during inventory status sorting"
120130,"KF",2012-04-26,1,2,1,3,2012,"HBI",5.64,1,"all LT circles excluded during inventory status sorting"
120130,"KF",2012-04-26,1,2,1,3,2012,"HBI",12.62,1,"all LT circles excluded during inventory status sorting"
120130,"KF",2012-04-26,1,2,1,3,2012,"HBI",17.84,1,"all LT circles excluded during inventory status sorting"
120131,"KF",2012-04-17,1,2,1,3,2012,"HBI",5.64,1,"all LT circles excluded during inventory status sorting"
120131,"KF",2012-04-17,1,2,1,3,2012,"HBI",12.62,1,"all LT circles excluded during inventory status sorting"
120131,"KF",2012-04-17,1,2,1,3,2012,"HBI",17.84,2,"all LT circles excluded during inventory status sorting"
120132,"KF",2012-03-26,1,8,1,3,2012,"HBI",5.64,1,"all LT circles excluded during inventory status sorting"
120132,"KF",2012-03-26,1,8,1,3,2012,"HBI",12.62,1,"all LT circles excluded during inventory status sorting"
120132,"KF",2012-03-26,1,8,1,3,2012,"HBI",17.84,1,"all LT circles excluded during inventory status sorting"
120133,"KF",2012-03-29,1,2,1,3,2012,"HBI",5.64,1,"all LT circles excluded during inventory status sorting"
120133,"KF",2012-03-29,1,2,1,3,2012,"HBI",12.62,1,"all LT circles excluded during inventory status sorting"
120133,"KF",2012-03-29,1,2,1,3,2012,"HBI",17.84,1,"all LT circles excluded during inventory status sorting"
120134,"KF",2012-03-26,1,2,1,3,2012,"HBI",5.64,1,"all LT circles excluded during inventory status sorting"
120134,"KF",2012-03-26,1,2,1,3,2012,"HBI",12.62,1,"all LT circles excluded during inventory status sorting"
120134,"KF",2012-03-26,1,2,1,3,2012,"HBI",17.84,1,"all LT circles excluded during inventory status sorting"
120135,"KF",2012-04-06,1,2,1,3,2012,"HBI",5.64,1,"all LT circles excluded during inventory status sorting"
120135,"KF",2012-04-06,1,2,1,3,2012,"HBI",12.62,1,"all LT circles excluded during inventory status sorting"
120135,"KF",2012-04-06,1,2,1,3,2012,"HBI",17.84,2,"all LT circles excluded during inventory status sorting"
120136,"KF",2012-04-06,1,2,1,3,2012,"HBI",5.64,1,"all LT circles excluded during inventory status sorting"
120136,"KF",2012-04-06,1,2,1,3,2012,"HBI",12.62,1,"all LT circles excluded during inventory status sorting"
120136,"KF",2012-04-06,1,2,1,3,2012,"HBI",17.84,1,"all LT circles excluded during inventory status sorting"
120137,"KF",2012-04-19,1,2,1,3,2012,"HBI",5.64,1,"all LT circles excluded during inventory status sorting"
120137,"KF",2012-04-19,1,2,1,3,2012,"HBI",12.62,1,"all LT circles excluded during inventory status sorting"
120137,"KF",2012-04-19,1,2,1,3,2012,"HBI",17.84,1,"all LT circles excluded during inventory status sorting"
120138,"KF",2012-04-19,1,2,1,3,2012,"HBI",5.64,1,"all LT circles excluded during inventory status sorting"
120138,"KF",2012-04-19,1,2,1,3,2012,"HBI",12.62,1,"all LT circles excluded during inventory status sorting"
120138,"KF",2012-04-19,1,2,1,3,2012,"HBI",17.84,2,"all LT circles excluded during inventory status sorting"
120139,"KF",2012-04-02,1,7,1,3,2012,"HBI",5.64,1,"all LT circles excluded during inventory status sorting"
120139,"KF",2012-04-02,1,7,1,3,2012,"HBI",12.62,1,"all LT circles excluded during inventory status sorting"
120139,"KF",2012-04-02,1,7,1,3,2012,"HBI",17.84,1,"all LT circles excluded during inventory status sorting"
120140,"KF",2012-04-02,1,2,2,3,2012,"HBI",5.64,1,"all LT circles excluded during inventory status sorting"
120140,"KF",2012-04-02,1,2,2,3,2012,"HBI",12.62,1,"all LT circles excluded during inventory status sorting"
120140,"KF",2012-04-02,1,2,2,3,2012,"HBI",17.84,1,"all LT circles excluded during inventory status sorting"
120141,"KF",2012-04-23,1,2,1,3,2012,"HBI",5.64,1,"all LT circles excluded during inventory status sorting"
120141,"KF",2012-04-23,1,2,1,3,2012,"HBI",12.62,1,"all LT circles excluded during inventory status sorting"
120141,"KF",2012-04-23,1,2,1,3,2012,"HBI",17.84,2,"all LT circles excluded during inventory status sorting"
120142,"KF",2012-04-23,1,2,1,3,2012,"HBI",5.64,1,"all LT circles excluded during inventory status sorting"
120142,"KF",2012-04-23,1,2,1,3,2012,"HBI",12.62,1,"all LT circles excluded during inventory status sorting"
120142,"KF",2012-04-23,1,2,1,3,2012,"HBI",17.84,1,"all LT circles excluded during inventory status sorting"
120143,"KF",2012-04-16,1,2,1,3,2012,"HBI",5.64,1,"all LT circles excluded during inventory status sorting"
120143,"KF",2012-04-16,1,2,1,3,2012,"HBI",12.62,1,"all LT circles excluded during inventory status sorting"
120143,"KF",2012-04-16,1,2,1,3,2012,"HBI",17.84,2,"all LT circles excluded during inventory status sorting"
120144,"KF",2012-04-16,1,2,2,3,2012,"HBI",5.64,1,"all LT circles excluded during inventory status sorting"
120144,"KF",2012-04-16,1,2,2,3,2012,"HBI",12.62,1,"all LT circles excluded during inventory status sorting"
120144,"KF",2012-04-16,1,2,2,3,2012,"HBI",17.84,1,"all LT circles excluded during inventory status sorting"
120145,"KF",2012-04-18,1,2,1,3,2012,"HBI",5.64,1,"all LT circles excluded during inventory status sorting"
120145,"KF",2012-04-18,1,2,1,3,2012,"HBI",12.62,1,"all LT circles excluded during inventory status sorting"
120145,"KF",2012-04-18,1,2,1,3,2012,"HBI",17.84,1,"all LT circles excluded during inventory status sorting"
120146,"KF",2012-04-18,1,2,1,3,2012,"HBI",5.64,1,"all LT circles excluded during inventory status sorting"
120146,"KF",2012-04-18,1,2,1,3,2012,"HBI",12.62,1,"all LT circles excluded during inventory status sorting"
120146,"KF",2012-04-18,1,2,1,3,2012,"HBI",17.84,2,"all LT circles excluded during inventory status sorting"
120147,"KF",2012-04-10,1,2,1,3,2012,"HBI",5.64,1,"all LT circles excluded during inventory status sorting"
120147,"KF",2012-04-10,1,2,1,3,2012,"HBI",12.62,1,"all LT circles excluded during inventory status sorting"
120147,"KF",2012-04-10,1,2,1,3,2012,"HBI",17.84,1,"all LT circles excluded during inventory status sorting"
120148,"KF",2012-04-10,1,8,1,3,2012,"HBI",5.64,1,"all LT circles excluded during inventory status sorting"
120148,"KF",2012-04-10,1,8,1,3,2012,"HBI",12.62,1,"all LT circles excluded during inventory status sorting"
120148,"KF",2012-04-10,1,8,1,3,2012,"HBI",17.84,1,"all LT circles excluded during inventory status sorting"
120149,"KF",2012-04-05,1,2,4,3,2012,"HBI",5.64,1,"all LT circles excluded during inventory status sorting"
120149,"KF",2012-04-05,1,2,4,3,2012,"HBI",12.62,1,"all LT circles excluded during inventory status sorting"
120149,"KF",2012-04-05,1,2,4,3,2012,"HBI",17.84,1,"all LT circles excluded during inventory status sorting"
120150,"KF",2012-04-08,1,2,1,3,2012,"HBI",5.64,1,"all LT circles excluded during inventory status sorting"
120150,"KF",2012-04-08,1,2,1,3,2012,"HBI",12.62,1,"all LT circles excluded during inventory status sorting"
120150,"KF",2012-04-08,1,2,1,3,2012,"HBI",17.84,1,"all LT circles excluded during inventory status sorting"
120151,"KF",2012-04-08,1,2,1,3,2012,"HBI",5.64,1,"all LT circles excluded during inventory status sorting"
120151,"KF",2012-04-08,1,2,1,3,2012,"HBI",12.62,1,"all LT circles excluded during inventory status sorting"
120151,"KF",2012-04-08,1,2,1,3,2012,"HBI",17.84,1,"all LT circles excluded during inventory status sorting"
120153,"KF",2012-04-07,1,2,1,3,2012,"HBI",5.64,1,"all LT circles excluded during inventory status sorting"
120153,"KF",2012-04-07,1,2,1,3,2012,"HBI",12.62,1,"all LT circles excluded during inventory status sorting"
120153,"KF",2012-04-07,1,2,1,3,2012,"HBI",17.84,2,"all LT circles excluded during inventory status sorting"
120154,"KF",2012-04-03,1,8,4,3,2012,"HBI",5.64,1,"all LT circles excluded during inventory status sorting"
120154,"KF",2012-04-03,1,8,4,3,2012,"HBI",12.62,1,"all LT circles excluded during inventory status sorting"
120154,"KF",2012-04-03,1,8,4,3,2012,"HBI",17.84,1,"all LT circles excluded during inventory status sorting"
120155,"KF",2012-04-04,1,6,6,3,2012,"HBI",5.64,1,"all LT circles excluded during inventory status sorting"
120155,"KF",2012-04-04,1,6,6,3,2012,"HBI",12.62,1,"all LT circles excluded during inventory status sorting"
120155,"KF",2012-04-04,1,6,6,3,2012,"HBI",17.84,1,"all LT circles excluded during inventory status sorting"
120156,"KF",2012-04-03,1,2,2,3,2012,"HBI",5.64,1,"all LT circles excluded during inventory status sorting"
120156,"KF",2012-04-03,1,2,2,3,2012,"HBI",12.62,1,"all LT circles excluded during inventory status sorting"
120156,"KF",2012-04-03,1,2,2,3,2012,"HBI",17.84,1,"all LT circles excluded during inventory status sorting"
120157,"KF",2011-11-16,1,2,1,3,2011,"HBI",5.64,1,"all LT circles excluded during inventory status sorting"
120157,"KF",2011-11-16,1,2,1,3,2011,"HBI",12.62,1,"all LT circles excluded during inventory status sorting"
120157,"KF",2011-11-16,1,2,1,3,2011,"HBI",17.84,2,"all LT circles excluded during inventory status sorting"
120159,"KF",2012-03-28,1,8,1,3,2012,"HBI",5.64,1,"all LT circles excluded during inventory status sorting"
120159,"KF",2012-03-28,1,8,1,3,2012,"HBI",12.62,1,"all LT circles excluded during inventory status sorting"
120159,"KF",2012-03-28,1,8,1,3,2012,"HBI",17.84,1,"all LT circles excluded during inventory status sorting"
120160,"KF",2011-11-01,1,2,1,3,2011,"HBI",5.64,1,"all LT circles excluded during inventory status sorting"
120160,"KF",2011-11-01,1,2,1,3,2011,"HBI",12.62,1,"all LT circles excluded during inventory status sorting"
120160,"KF",2011-11-01,1,2,1,3,2011,"HBI",17.84,1,"all LT circles excluded during inventory status sorting"
120161,"KF",2012-03-30,1,2,1,3,2012,"HBI",5.64,1,"all LT circles excluded during inventory status sorting"
120161,"KF",2012-03-30,1,2,1,3,2012,"HBI",12.62,1,"all LT circles excluded during inventory status sorting"
120161,"KF",2012-03-30,1,2,1,3,2012,"HBI",17.84,1,"all LT circles excluded during inventory status sorting"
120163,"KF",2011-11-18,1,2,1,3,2011,"HBI",5.64,1,"all LT circles excluded during inventory status sorting"
120163,"KF",2011-11-18,1,2,1,3,2011,"HBI",12.62,1,"all LT circles excluded during inventory status sorting"
120163,"KF",2011-11-18,1,2,1,3,2011,"HBI",17.84,1,"all LT circles excluded during inventory status sorting"
120164,"KF",2011-09-28,1,2,1,3,2011,"HBI",5.64,1,"all LT circles excluded during inventory status sorting"
120164,"KF",2011-09-28,1,2,1,3,2011,"HBI",12.62,1,"all LT circles excluded during inventory status sorting"
120164,"KF",2011-09-28,1,2,1,3,2011,"HBI",17.84,2,"all LT circles excluded during inventory status sorting"
120165,"KF",2012-04-04,1,2,1,3,2012,"HBI",5.64,1,"all LT circles excluded during inventory status sorting"
120165,"KF",2012-04-04,1,2,1,3,2012,"HBI",12.62,1,"all LT circles excluded during inventory status sorting"
120165,"KF",2012-04-04,1,2,1,3,2012,"HBI",17.84,2,"all LT circles excluded during inventory status sorting"
120167,"KF",2012-03-29,1,2,1,3,2012,"HBI",5.64,1,"all LT circles excluded during inventory status sorting"
120167,"KF",2012-03-29,1,2,1,3,2012,"HBI",12.62,1,"all LT circles excluded during inventory status sorting"
120167,"KF",2012-03-29,1,2,1,3,2012,"HBI",17.84,1,"all LT circles excluded during inventory status sorting"
120168,"KF",2011-09-30,1,8,2,3,2011,"HBI",5.64,1,"all LT circles excluded during inventory status sorting"
120168,"KF",2011-09-30,1,8,2,3,2011,"HBI",12.62,1,"all LT circles excluded during inventory status sorting"
120168,"KF",2011-09-30,1,8,2,3,2011,"HBI",17.84,1,"all LT circles excluded during inventory status sorting"
120169,"KF",2012-03-30,1,2,1,3,2012,"HBI",5.64,1,"all LT circles excluded during inventory status sorting"
120169,"KF",2012-03-30,1,2,1,3,2012,"HBI",12.62,1,"all LT circles excluded during inventory status sorting"
120169,"KF",2012-03-30,1,2,1,3,2012,"HBI",17.84,1,"all LT circles excluded during inventory status sorting"
120170,"KF",2012-03-19,1,2,1,3,2012,"HBI",5.64,1,"all LT circles excluded during inventory status sorting"
120170,"KF",2012-03-19,1,2,1,3,2012,"HBI",12.62,1,"all LT circles excluded during inventory status sorting"
120170,"KF",2012-03-19,1,2,1,3,2012,"HBI",17.84,2,"all LT circles excluded during inventory status sorting"
120181,"KF",2012-04-12,1,2,2,3,2012,"HBI",5.64,1,"all LT circles excluded during inventory status sorting"
120181,"KF",2012-04-12,1,2,2,3,2012,"HBI",12.62,1,"all LT circles excluded during inventory status sorting"
120181,"KF",2012-04-12,1,2,2,3,2012,"HBI",17.84,1,"all LT circles excluded during inventory status sorting"
120182,"KF",2011-11-30,1,2,2,3,2011,"HBI",5.64,1,"all LT circles excluded during inventory status sorting"
120182,"KF",2011-11-30,1,2,2,3,2011,"HBI",12.62,1,"all LT circles excluded during inventory status sorting"
120182,"KF",2011-11-30,1,2,2,3,2011,"HBI",17.84,1,"all LT circles excluded during inventory status sorting"
120183,"KF",2012-03-16,1,2,1,3,2012,"HBI",5.64,1,"all LT circles excluded during inventory status sorting"
120183,"KF",2012-03-16,1,2,1,3,2012,"HBI",12.62,1,"all LT circles excluded during inventory status sorting"
120183,"KF",2012-03-16,1,2,1,3,2012,"HBI",17.84,1,"all LT circles excluded during inventory status sorting"
120184,"KF",2012-04-06,1,2,2,3,2012,"HBI",5.64,1,"all LT circles excluded during inventory status sorting"
120184,"KF",2012-04-06,1,2,2,3,2012,"HBI",12.62,1,"all LT circles excluded during inventory status sorting"
120184,"KF",2012-04-06,1,2,2,3,2012,"HBI",17.84,1,"all LT circles excluded during inventory status sorting"
120185,"KF",2012-03-27,1,2,4,3,2012,"HBI",5.64,1,"all LT circles excluded during inventory status sorting"
120185,"KF",2012-03-27,1,2,4,3,2012,"HBI",12.62,1,"all LT circles excluded during inventory status sorting"
120185,"KF",2012-03-27,1,2,4,3,2012,"HBI",17.84,1,"all LT circles excluded during inventory status sorting"
120186,"KF",2012-03-14,1,2,4,3,2012,"HBI",5.64,1,"all LT circles excluded during inventory status sorting"
120186,"KF",2012-03-14,1,2,4,3,2012,"HBI",12.62,1,"all LT circles excluded during inventory status sorting"
120186,"KF",2012-03-14,1,2,4,3,2012,"HBI",17.84,1,"all LT circles excluded during inventory status sorting"
120187,"KF",2011-11-30,1,4,1,3,2011,"HBI",5.64,1,"all LT circles excluded during inventory status sorting"
120187,"KF",2011-11-30,1,4,1,3,2011,"HBI",12.62,1,"all LT circles excluded during inventory status sorting"
120187,"KF",2011-11-30,1,4,1,3,2011,"HBI",17.84,1,"all LT circles excluded during inventory status sorting"
120188,"KF",2012-03-23,1,5,1,3,2012,"HBI",5.64,1,"all LT circles excluded during inventory status sorting"
120188,"KF",2012-03-23,1,5,1,3,2012,"HBI",12.62,1,"all LT circles excluded during inventory status sorting"
120188,"KF",2012-03-23,1,5,1,3,2012,"HBI",17.84,1,"all LT circles excluded during inventory status sorting"
140011,"Matthias Stade,  Alexander Griesbach",1970-01-01,-9,-9,-9,1,1970,"warning",5.64,3,"LT circle excluded during inventory status sorting"
140011,"Matthias Stade,  Alexander Griesbach",1970-01-01,-9,-9,-9,1,1970,"warning",12.62,3,"LT circle excluded during inventory status sorting"
140011,"Matthias Stade,  Alexander Griesbach",1970-01-01,-9,-9,-9,1,1970,"warning",17.84,3,"LT circle excluded during inventory status sorting"
160080,"Matthias Stade; Alexander Griesbach",1970-01-01,1,1,1,1,1970,"warning",5.64,2,"all LT circles excluded during inventory status sorting"
160080,"Matthias Stade; Alexander Griesbach",1970-01-01,1,1,1,1,1970,"warning",12.62,2,"all LT circles excluded during inventory status sorting"
160080,"Matthias Stade; Alexander Griesbach",1970-01-01,1,1,1,1,1970,"warning",17.84,2,"all LT circles excluded during inventory status sorting"
