"plot_ID","tree_ID","tree_inventory_status","multi_stem","dist_cm","azi_gon","age","age_meth","SP_code","Kraft","C_layer","H_dm","C_h_dm","D_mm","DBH_h_cm","inv_year","inv","X","Nr_code","Chr_code_ger","name","bot_name","bot_genus","bot_species","Flora_EU","LH_NH","IPC","WZE","BWI","BZE_al","tpS_SP_com_name","tpS_ID","H_SP_group","BWI_SP_group","Bio_SP_group","N_SP_group","N_bg_SP_group","N_f_SP_group_MoMoK","RG_Wolff_bio","DBH_cm","CCS_r_m","rem_reason"
"100037",7,-9,0,1819,131,113,1,"rbu","2",1,277,184,439,130,2011,"HBI",8,111,"RBu","Rot-Buche","Fagus sylvatica","Fagus","sylvatica","036.001.001","LB",20,30016,"BU","WAHR","Fagus sylvatica",15,"bu","bu","bu","BU","BU","aLB","BU",43.9,17.84,"single LT excluded during inventory status sorting"
"100037",11,-9,0,1903,159,113,1,"tei","2",1,350,238,487,130,2011,"HBI",38,116,"TEi","Trauben-Eiche","Quercus petraea","Quercus","petraea","036.004.011","LB",48,30013,"EI","WAHR","Quercus spp.",17,"ei","ei","ei","EI","EI","aLB","EI",48.7,17.84,"single LT excluded during inventory status sorting"
"100086",25,-9,0,1889,201,183,1,"tei","1",1,330,151,778,130,2011,"HBI",38,116,"TEi","Trauben-Eiche","Quercus petraea","Quercus","petraea","036.004.011","LB",48,30013,"EI","WAHR","Quercus spp.",17,"ei","ei","ei","EI","EI","aLB","EI",77.8,17.84,"single LT excluded during inventory status sorting"
"10013",6,-9,0,2505,352,140,5,"sei","1",1,231,45,1005,150,2012,"HBI",39,117,"SEi","Stiel-Eiche","Quercus robur ","Quercus","robur ","036.004.014","LB",51,30013,"EI","WAHR","Quercus spp.",17,"ei","ei","ei","EI","EI","aLB","EI",100.6,17.84,"single LT excluded during inventory status sorting"
"10023",20,-9,0,1832,48,180,5,"sei","0",3,293,136,936,130,2012,"HBI",39,117,"SEi","Stiel-Eiche","Quercus robur ","Quercus","robur ","036.004.014","LB",51,30013,"EI","WAHR","Quercus spp.",17,"ei","ei","ei","EI","EI","aLB","EI",93.6,17.84,"single LT excluded during inventory status sorting"
"10037",6,-9,0,1797,341,82,1,"wta","1",1,371,203,846,150,2012,"HBI",23,201,"WTa","Weiß-Tanne","Abies alba","Abies","alba","026.001.006","NB",100,30012,"TA","WAHR","Abies alba",3,"ta","fi","fi","FI","FI","aNB","FI",84.7,17.84,"single LT excluded during inventory status sorting"
"10037",31,-9,0,2082,271,82,1,"dgl","1",1,370,150,1018,130,2012,"HBI",86,212,"Dgl","Douglasie","Pseudotsuga menziestii","Pseudotsuga","menziestii","026.002.001","NB",136,30012,"DGL","WAHR","Pseudotsuga menziesii",8,"dgl","fi","fi","FI","FI","aNB","FI",101.8,17.84,"single LT excluded during inventory status sorting"
"10042",8,-9,0,2011,46,104,1,"wta","1",1,362,190,834,190,2012,"HBI",23,201,"WTa","Weiß-Tanne","Abies alba","Abies","alba","026.001.006","NB",100,30012,"TA","WAHR","Abies alba",3,"ta","fi","fi","FI","FI","aNB","FI",83.7,17.84,"single LT excluded during inventory status sorting"
"10042",12,-9,0,2246,154,104,1,"wta","1",1,362,195,880,160,2012,"HBI",23,201,"WTa","Weiß-Tanne","Abies alba","Abies","alba","026.001.006","NB",100,30012,"TA","WAHR","Abies alba",3,"ta","fi","fi","FI","FI","aNB","FI",88.15,17.84,"single LT excluded during inventory status sorting"
"130010",9,-9,0,2229,82,170,5,"rbu","1",1,393,101,908,130,2012,"HBI",8,111,"RBu","Rot-Buche","Fagus sylvatica","Fagus","sylvatica","036.001.001","LB",20,30016,"BU","WAHR","Fagus sylvatica",15,"bu","bu","bu","BU","BU","aLB","BU",90.8,17.84,"single LT excluded during inventory status sorting"
"130070",25,-9,0,1937,156,180,5,"sei","1",1,271,62,835,130,2012,"HBI",39,117,"SEi","Stiel-Eiche","Quercus robur ","Quercus","robur ","036.004.014","LB",51,30013,"EI","WAHR","Quercus spp.",17,"ei","ei","ei","EI","EI","aLB","EI",83.5,17.84,"single LT excluded during inventory status sorting"
"130070",30,-9,0,2159,30,180,5,"sei","1",1,279,90,920,130,2012,"HBI",39,117,"SEi","Stiel-Eiche","Quercus robur ","Quercus","robur ","036.004.014","LB",51,30013,"EI","WAHR","Quercus spp.",17,"ei","ei","ei","EI","EI","aLB","EI",92,17.84,"single LT excluded during inventory status sorting"
"140023",25,-9,0,1873,34,150,5,"rka","3",1,177,56,840,100,2011,"HBI",56,144,"RKa","Rosskastanie","Aesculus hippocastanum","Aesculus","hippocastanum","097.001.001","LB",221,30011,"KA","WAHR","Magnoliopsida trees",35,"bu","aLh","bu","BU","BU","aLB","ES",83.85,17.84,"single LT excluded during inventory status sorting"
"140028",5,-9,0,1952,85,150,5,"ela","1",1,338,166,812,130,2011,"HBI",26,204,"ELa","Europaeische Laerche","Larix decidua","Larix","decidua","026.005.002","NB",116,30012,"ELA","WAHR","Larix decidua",10,"lae","ki","ki","KI","LA","aNB","FI",81.2,17.84,"single LT excluded during inventory status sorting"
"140045",1,-9,0,1905,14,200,5,"rbu","1",1,329,84,1346,130,2011,"HBI",8,111,"RBu","Rot-Buche","Fagus sylvatica","Fagus","sylvatica","036.001.001","LB",20,30016,"BU","WAHR","Fagus sylvatica",15,"bu","bu","bu","BU","BU","aLB","BU",134.6,17.84,"single LT excluded during inventory status sorting"
"150022",7,-9,0,2238,184,191,6,"rbu","2",1,310,68,1041,130,2011,"HBI",8,111,"RBu","Rot-Buche","Fagus sylvatica","Fagus","sylvatica","036.001.001","LB",20,30016,"BU","WAHR","Fagus sylvatica",15,"bu","bu","bu","BU","BU","aLB","BU",104.1,17.84,"single LT excluded during inventory status sorting"
"150054",4,-9,0,1796,125,98,5,"wei","2",1,235,54,985,130,2011,"HBI",15,120,"Wei","Weide","Salix spp.","Salix","spp.","031.001.999.DL","LB",62,30011,"SLB","WAHR","Salix spp.",34,"bu","aLn","shw","BI","BI","aLB","BI",98.5,17.84,"single LT excluded during inventory status sorting"
"150074",7,-9,0,2005,63,147,6,"sei","2",1,246,58,819,130,2012,"HBI",39,117,"SEi","Stiel-Eiche","Quercus robur ","Quercus","robur ","036.004.014","LB",51,30013,"EI","WAHR","Quercus spp.",17,"ei","ei","ei","EI","EI","aLB","EI",81.9,17.84,"single LT excluded during inventory status sorting"
"160010",8,-9,0,2097,50,160,5,"rbu","1",1,-9,-9,947,130,2012,"HBI",8,111,"RBu","Rot-Buche","Fagus sylvatica","Fagus","sylvatica","036.001.001","LB",20,30016,"BU","WAHR","Fagus sylvatica",15,"bu","bu","bu","BU","BU","aLB","BU",94.7,17.84,"single LT excluded during inventory status sorting"
"160032",8,-9,0,2004,338,103,1,"tei","1",1,280,83,809,130,2012,"HBI",38,116,"TEi","Trauben-Eiche","Quercus petraea","Quercus","petraea","036.004.011","LB",48,30013,"EI","WAHR","Quercus spp.",17,"ei","ei","ei","EI","EI","aLB","EI",80.9,17.84,"single LT excluded during inventory status sorting"
"28120",29,NA,NA,687,NA,NA,NA,"gfi","4",1,NA,NA,90,130,2024,"momok",83,207,"GFi","Gewoehnliche Fichte","Picea abies ","Picea","abies ","026.004.001","NB",118,30014,"FI","WAHR","Picea abies",1,"fi","fi","fi","FI","FI","FI","FI",9,12.62,"single LT excluded during inventory status sorting"
"28121",1,NA,NA,566,NA,NA,NA,"gfi","2",1,NA,NA,132,130,NA,NA,83,207,"GFi","Gewoehnliche Fichte","Picea abies ","Picea","abies ","026.004.001","NB",118,30014,"FI","WAHR","Picea abies",1,"fi","fi","fi","FI","FI","FI","FI",13.2,NA,"single LT excluded during inventory status sorting"
"30081",4,-9,0,1865,278,174,1,"rbu","0",3,279,104,761,130,2011,"HBI",8,111,"RBu","Rot-Buche","Fagus sylvatica","Fagus","sylvatica","036.001.001","LB",20,30016,"BU","WAHR","Fagus sylvatica",15,"bu","bu","bu","BU","BU","aLB","BU",76.1,17.84,"single LT excluded during inventory status sorting"
"30188",29,-9,0,2144,109,180,5,"sei","1",1,237,34,997,130,2011,"HBI",39,117,"SEi","Stiel-Eiche","Quercus robur ","Quercus","robur ","036.004.014","LB",51,30013,"EI","WAHR","Quercus spp.",17,"ei","ei","ei","EI","EI","aLB","EI",99.7,17.84,"single LT excluded during inventory status sorting"
"30192",1,-9,0,1811,370,184,1,"rbu","1",1,335,88,812,170,2011,"HBI",8,111,"RBu","Rot-Buche","Fagus sylvatica","Fagus","sylvatica","036.001.001","LB",20,30016,"BU","WAHR","Fagus sylvatica",15,"bu","bu","bu","BU","BU","aLB","BU",81.4,17.84,"single LT excluded during inventory status sorting"
"50006",32,-9,0,2043,252,58,6,"pa","1",1,387,147,919,130,2011,"HBI",11,114,"Pa","Pappel","Populus spp.","Populus","spp.","031.002.999.DL","LB",211,30011,"PA","WAHR","Populus spp.",19,"bu","aLn","shw","BI","BI","aLB","BI",91.9,17.84,"single LT excluded during inventory status sorting"
"50024",9,-9,0,1892,310,157,6,"rbu","2",1,339,136,830,130,2011,"HBI",8,111,"RBu","Rot-Buche","Fagus sylvatica","Fagus","sylvatica","036.001.001","LB",20,30016,"BU","WAHR","Fagus sylvatica",15,"bu","bu","bu","BU","BU","aLB","BU",83,17.84,"single LT excluded during inventory status sorting"
"50024",10,-9,0,1977,95,157,6,"rbu","2",1,-9,-9,816,130,2011,"HBI",8,111,"RBu","Rot-Buche","Fagus sylvatica","Fagus","sylvatica","036.001.001","LB",20,30016,"BU","WAHR","Fagus sylvatica",15,"bu","bu","bu","BU","BU","aLB","BU",81.6,17.84,"single LT excluded during inventory status sorting"
"50063",37,-9,0,2649,361,150,5,"rbu","2",1,345,56,1090,130,2011,"HBI",8,111,"RBu","Rot-Buche","Fagus sylvatica","Fagus","sylvatica","036.001.001","LB",20,30016,"BU","WAHR","Fagus sylvatica",15,"bu","bu","bu","BU","BU","aLB","BU",109,17.84,"single LT excluded during inventory status sorting"
"50064",15,-9,0,2026,191,98,5,"rbu","2",1,345,72,1025,150,2011,"HBI",8,111,"RBu","Rot-Buche","Fagus sylvatica","Fagus","sylvatica","036.001.001","LB",20,30016,"BU","WAHR","Fagus sylvatica",15,"bu","bu","bu","BU","BU","aLB","BU",102.6,17.84,"single LT excluded during inventory status sorting"
"60007",12,-9,0,1867,173,115,6,"ta","1",1,406,177,805,200,2011,"HBI",80,200,"Ta","Tanne","Abies spp.","Abies","spp.","026.001.999.DL","NB",198,30012,"TA","WAHR","Abies alba",3,"ta","fi","fi","FI","FI","aNB","FI",80.85,17.84,"single LT excluded during inventory status sorting"
"60013",17,-9,0,1793,280,151,6,"gfi","1",1,-9,-9,659,180,2011,"HBI",83,207,"GFi","Gewoehnliche Fichte","Picea abies ","Picea","abies ","026.004.001","NB",118,30014,"FI","WAHR","Picea abies",1,"fi","fi","fi","FI","FI","FI","FI",66.15,17.84,"single LT excluded during inventory status sorting"
"60017",10,-9,0,2049,73,104,6,"gfi","2",1,282,28,905,130,2012,"HBI",83,207,"GFi","Gewoehnliche Fichte","Picea abies ","Picea","abies ","026.004.001","NB",118,30014,"FI","WAHR","Picea abies",1,"fi","fi","fi","FI","FI","FI","FI",90.5,17.84,"single LT excluded during inventory status sorting"
"60023",27,-9,0,1809,233,180,5,"ei","1",1,-9,-9,805,130,2012,"HBI",73,163,"Ei","Eiche","Quercus robur x petraea","Quercus","robur x petraea","036.004.999.DL","LB",98,30013,"EI","WAHR","Quercus spp.",17,"ei","ei","ei","EI","EI","aLB","EI",80.5,17.84,"single LT excluded during inventory status sorting"
"60023",28,-9,0,1978,259,180,5,"ei","1",1,330,170,817,130,2012,"HBI",73,163,"Ei","Eiche","Quercus robur x petraea","Quercus","robur x petraea","036.004.999.DL","LB",98,30013,"EI","WAHR","Quercus spp.",17,"ei","ei","ei","EI","EI","aLB","EI",81.7,17.84,"single LT excluded during inventory status sorting"
"60040",11,-9,0,1799,235,71,6,"gfi","1",1,330,95,724,140,2012,"HBI",83,207,"GFi","Gewoehnliche Fichte","Picea abies ","Picea","abies ","026.004.001","NB",118,30014,"FI","WAHR","Picea abies",1,"fi","fi","fi","FI","FI","FI","FI",72.45,17.84,"single LT excluded during inventory status sorting"
"60053",6,-9,0,1868,93,155,6,"rbu","2",1,350,114,770,130,2012,"HBI",8,111,"RBu","Rot-Buche","Fagus sylvatica","Fagus","sylvatica","036.001.001","LB",20,30016,"BU","WAHR","Fagus sylvatica",15,"bu","bu","bu","BU","BU","aLB","BU",77,17.84,"single LT excluded during inventory status sorting"
"60053",9,-9,0,1887,185,155,6,"rbu","2",1,-9,-9,781,140,2012,"HBI",8,111,"RBu","Rot-Buche","Fagus sylvatica","Fagus","sylvatica","036.001.001","LB",20,30016,"BU","WAHR","Fagus sylvatica",15,"bu","bu","bu","BU","BU","aLB","BU",78.15,17.84,"single LT excluded during inventory status sorting"
"60077",2,-9,0,1860,31,250,5,"ei","1",1,262,126,876,130,2011,"HBI",73,163,"Ei","Eiche","Quercus robur x petraea","Quercus","robur x petraea","036.004.999.DL","LB",98,30013,"EI","WAHR","Quercus spp.",17,"ei","ei","ei","EI","EI","aLB","EI",87.6,17.84,"single LT excluded during inventory status sorting"
"60077",3,-9,0,1819,70,200,5,"rbu","1",1,301,113,905,130,2011,"HBI",8,111,"RBu","Rot-Buche","Fagus sylvatica","Fagus","sylvatica","036.001.001","LB",20,30016,"BU","WAHR","Fagus sylvatica",15,"bu","bu","bu","BU","BU","aLB","BU",90.5,17.84,"single LT excluded during inventory status sorting"
"60077",31,-9,0,2324,140,250,5,"ei","1",1,-2,-9,1002,130,2011,"HBI",73,163,"Ei","Eiche","Quercus robur x petraea","Quercus","robur x petraea","036.004.999.DL","LB",98,30013,"EI","WAHR","Quercus spp.",17,"ei","ei","ei","EI","EI","aLB","EI",100.2,17.84,"single LT excluded during inventory status sorting"
"60089",6,-9,0,1819,244,200,5,"rbu","2",1,-9,-9,980,130,2011,"HBI",8,111,"RBu","Rot-Buche","Fagus sylvatica","Fagus","sylvatica","036.001.001","LB",20,30016,"BU","WAHR","Fagus sylvatica",15,"bu","bu","bu","BU","BU","aLB","BU",98,17.84,"single LT excluded during inventory status sorting"
"60102",8,-9,0,1965,94,150,5,"rbu","0",3,363,23,921,130,2011,"HBI",8,111,"RBu","Rot-Buche","Fagus sylvatica","Fagus","sylvatica","036.001.001","LB",20,30016,"BU","WAHR","Fagus sylvatica",15,"bu","bu","bu","BU","BU","aLB","BU",92.1,17.84,"single LT excluded during inventory status sorting"
"60102",33,-9,0,2033,376,150,5,"rbu","0",3,270,17,1002,130,2011,"HBI",8,111,"RBu","Rot-Buche","Fagus sylvatica","Fagus","sylvatica","036.001.001","LB",20,30016,"BU","WAHR","Fagus sylvatica",15,"bu","bu","bu","BU","BU","aLB","BU",100.2,17.84,"single LT excluded during inventory status sorting"
"70021",11,-9,0,2082,2,173,1,"rbu","1",1,453,186,846,130,2012,"HBI",8,111,"RBu","Rot-Buche","Fagus sylvatica","Fagus","sylvatica","036.001.001","LB",20,30016,"BU","WAHR","Fagus sylvatica",15,"bu","bu","bu","BU","BU","aLB","BU",84.6,17.84,"single LT excluded during inventory status sorting"
"70034",19,-9,0,1845,312,128,1,"tei","1",1,306,137,748,130,2012,"HBI",38,116,"TEi","Trauben-Eiche","Quercus petraea","Quercus","petraea","036.004.011","LB",48,30013,"EI","WAHR","Quercus spp.",17,"ei","ei","ei","EI","EI","aLB","EI",74.8,17.84,"single LT excluded during inventory status sorting"
"70133",7,-9,NA,2060,257,167,1,"spa","1",1,336,116,999,130,2012,"HBI",59,147,"SPa","Schwarzpappel","Populus nigra","Populus","nigra","031.022.008","LB",34,30011,"PA","WAHR","Populus spp.",19,"bu","aLn","shw","BI","BI","aLB","BI",99.9,17.84,"single LT excluded during inventory status sorting"
"70137",18,-9,0,1805,290,46,1,"pa","1",1,449,119,794,130,2012,"HBI",11,114,"Pa","Pappel","Populus spp.","Populus","spp.","031.002.999.DL","LB",211,30011,"PA","WAHR","Populus spp.",19,"bu","aLn","shw","BI","BI","aLB","BI",79.4,17.84,"single LT excluded during inventory status sorting"
"80003",4,-9,0,1975,308,110,5,"dgl","0",3,470,274,808,130,2011,"HBI",86,212,"Dgl","Douglasie","Pseudotsuga menziestii","Pseudotsuga","menziestii","026.002.001","NB",136,30012,"DGL","WAHR","Pseudotsuga menziesii",8,"dgl","fi","fi","FI","FI","aNB","FI",80.8,17.84,"single LT excluded during inventory status sorting"
"80031",32,-9,0,2056,307,195,6,"gfi","1",1,-9,-9,898,130,2011,"HBI",83,207,"GFi","Gewoehnliche Fichte","Picea abies ","Picea","abies ","026.004.001","NB",118,30014,"FI","WAHR","Picea abies",1,"fi","fi","fi","FI","FI","FI","FI",89.8,17.84,"single LT excluded during inventory status sorting"
"80084",11,-9,0,1978,187,160,5,"wta","2",1,-9,-9,798,130,2011,"HBI",23,201,"WTa","Weiß-Tanne","Abies alba","Abies","alba","026.001.006","NB",100,30012,"TA","WAHR","Abies alba",3,"ta","fi","fi","FI","FI","aNB","FI",79.8,17.84,"single LT excluded during inventory status sorting"
"80157",17,-9,0,1913,168,210,5,"ei","0",3,-9,-9,1134,130,2012,"HBI",73,163,"Ei","Eiche","Quercus robur x petraea","Quercus","robur x petraea","036.004.999.DL","LB",98,30013,"EI","WAHR","Quercus spp.",17,"ei","ei","ei","EI","EI","aLB","EI",113.4,17.84,"single LT excluded during inventory status sorting"
"80189",20,-9,0,2380,101,151,6,"ei","2",1,-9,-9,1011,130,2012,"HBI",73,163,"Ei","Eiche","Quercus robur x petraea","Quercus","robur x petraea","036.004.999.DL","LB",98,30013,"EI","WAHR","Quercus spp.",17,"ei","ei","ei","EI","EI","aLB","EI",101.1,17.84,"single LT excluded during inventory status sorting"
"80189",22,-9,0,1970,171,151,6,"rbu","2",1,314,81,898,130,2012,"HBI",8,111,"RBu","Rot-Buche","Fagus sylvatica","Fagus","sylvatica","036.001.001","LB",20,30016,"BU","WAHR","Fagus sylvatica",15,"bu","bu","bu","BU","BU","aLB","BU",89.8,17.84,"single LT excluded during inventory status sorting"
"80228",2,-9,0,2206,252,88,5,"pa","2",1,394,97,1030,130,2012,"HBI",11,114,"Pa","Pappel","Populus spp.","Populus","spp.","031.002.999.DL","LB",211,30011,"PA","WAHR","Populus spp.",19,"bu","aLn","shw","BI","BI","aLB","BI",103,17.84,"single LT excluded during inventory status sorting"
"80230",7,-9,0,1876,107,145,5,"tei","2",1,-9,-9,785,130,2012,"HBI",38,116,"TEi","Trauben-Eiche","Quercus petraea","Quercus","petraea","036.004.011","LB",48,30013,"EI","WAHR","Quercus spp.",17,"ei","ei","ei","EI","EI","aLB","EI",78.5,17.84,"single LT excluded during inventory status sorting"
"80230",8,-9,0,2536,88,200,5,"tei","1",1,371,126,1053,130,2012,"HBI",38,116,"TEi","Trauben-Eiche","Quercus petraea","Quercus","petraea","036.004.011","LB",48,30013,"EI","WAHR","Quercus spp.",17,"ei","ei","ei","EI","EI","aLB","EI",105.3,17.84,"single LT excluded during inventory status sorting"
"100015",1,-9,0,300,57,54,1,"rbu","2",1,223,114,363,130,2011,"HBI",8,111,"RBu","Rot-Buche","Fagus sylvatica","Fagus","sylvatica","036.001.001","LB",20,30016,"BU","WAHR","Fagus sylvatica",15,"bu","bu","bu","BU","BU","aLB","BU",36.3,17.84,"LT cirlce excluded during inventory status sorting"
"100015",6,-9,0,1083,45,64,1,"tei","2",1,225,109,383,130,2011,"HBI",38,116,"TEi","Trauben-Eiche","Quercus petraea","Quercus","petraea","036.004.011","LB",48,30013,"EI","WAHR","Quercus spp.",17,"ei","ei","ei","EI","EI","aLB","EI",38.3,17.84,"LT cirlce excluded during inventory status sorting"
"100015",16,-9,0,1164,156,54,1,"rbu","2",1,183,87,329,130,2011,"HBI",8,111,"RBu","Rot-Buche","Fagus sylvatica","Fagus","sylvatica","036.001.001","LB",20,30016,"BU","WAHR","Fagus sylvatica",15,"bu","bu","bu","BU","BU","aLB","BU",32.9,17.84,"LT cirlce excluded during inventory status sorting"
"100089",5,-9,0,1244,362,73,5,"tei","1",1,202,138,322,130,2011,"HBI",38,116,"TEi","Trauben-Eiche","Quercus petraea","Quercus","petraea","036.004.011","LB",48,30013,"EI","WAHR","Quercus spp.",17,"ei","ei","ei","EI","EI","aLB","EI",32.2,17.84,"LT cirlce excluded during inventory status sorting"
"100089",18,-9,0,802,198,73,5,"tei","2",1,-9,-9,301,130,2011,"HBI",38,116,"TEi","Trauben-Eiche","Quercus petraea","Quercus","petraea","036.004.011","LB",48,30013,"EI","WAHR","Quercus spp.",17,"ei","ei","ei","EI","EI","aLB","EI",30.1,17.84,"LT cirlce excluded during inventory status sorting"
"100089",19,-9,0,812,190,73,5,"tei","2",1,-9,-9,341,130,2011,"HBI",38,116,"TEi","Trauben-Eiche","Quercus petraea","Quercus","petraea","036.004.011","LB",48,30013,"EI","WAHR","Quercus spp.",17,"ei","ei","ei","EI","EI","aLB","EI",34.1,17.84,"LT cirlce excluded during inventory status sorting"
"10012",7,-9,0,684,177,131,1,"gki","0",3,290,195,449,130,2012,"HBI",28,211,"GKi","Gewoehnliche Kiefer","Pinus sylvestris","Pinus","sylvestris","026.007.007","NB",134,30015,"KI","WAHR","Pinus sylvestris",5,"ki","ki","ki","KI","KI","KI","KI",44.9,17.84,"LT cirlce excluded during inventory status sorting"
"10012",15,-9,0,697,391,131,1,"gki","0",3,256,177,383,150,2012,"HBI",28,211,"GKi","Gewoehnliche Kiefer","Pinus sylvestris","Pinus","sylvestris","026.007.007","NB",134,30015,"KI","WAHR","Pinus sylvestris",5,"ki","ki","ki","KI","KI","KI","KI",38.4,17.84,"LT cirlce excluded during inventory status sorting"
"130075",17,-9,0,1125,334,45,5,"er","1",1,203,119,305,130,2012,"HBI",4,103,"Er","Erle","Alnus spp.","Alnus","spp.","034.002.999","LB",216,30011,"ERL","WAHR","Alnus spp.",28,"bu","aLn","shw","ERL","BI","ERL","BI",30.5,17.84,"LT cirlce excluded during inventory status sorting"
"140010",1,-9,0,175,317,28,1,"sbi","1",1,200,89,357,130,2012,"HBI",36,107,"SBi","Sand-Birke","Betula pendula","Betula","pendula","034.001.001","LB",10,30011,"BI","WAHR","Betula spp.",26,"bu","aLn","shw","BI","BI","BI","BI",35.7,17.84,"LT cirlce excluded during inventory status sorting"
"140010",13,-9,0,1067,207,35,1,"gki","1",1,166,81,340,130,2012,"HBI",28,211,"GKi","Gewoehnliche Kiefer","Pinus sylvestris","Pinus","sylvestris","026.007.007","NB",134,30015,"KI","WAHR","Pinus sylvestris",5,"ki","ki","ki","KI","KI","KI","KI",34,17.84,"LT cirlce excluded during inventory status sorting"
"140010",25,-9,0,670,362,35,1,"gki","1",1,139,36,362,130,2012,"HBI",28,211,"GKi","Gewoehnliche Kiefer","Pinus sylvestris","Pinus","sylvestris","026.007.007","NB",134,30015,"KI","WAHR","Pinus sylvestris",5,"ki","ki","ki","KI","KI","KI","KI",36.2,17.84,"LT cirlce excluded during inventory status sorting"
"140013",11,-9,0,1255,365,57,1,"gki","1",1,221,122,336,150,2012,"HBI",28,211,"GKi","Gewoehnliche Kiefer","Pinus sylvestris","Pinus","sylvestris","026.007.007","NB",134,30015,"KI","WAHR","Pinus sylvestris",5,"ki","ki","ki","KI","KI","KI","KI",33.7,17.84,"LT cirlce excluded during inventory status sorting"
"140013",17,-9,0,528,384,57,1,"gki","1",1,-9,-9,311,130,2012,"HBI",28,211,"GKi","Gewoehnliche Kiefer","Pinus sylvestris","Pinus","sylvestris","026.007.007","NB",134,30015,"KI","WAHR","Pinus sylvestris",5,"ki","ki","ki","KI","KI","KI","KI",31.1,17.84,"LT cirlce excluded during inventory status sorting"
"140030",12,-9,0,1190,24,27,1,"gki","1",1,144,46,304,130,2011,"HBI",28,211,"GKi","Gewoehnliche Kiefer","Pinus sylvestris","Pinus","sylvestris","026.007.007","NB",134,30015,"KI","WAHR","Pinus sylvestris",5,"ki","ki","ki","KI","KI","KI","KI",30.4,17.84,"LT cirlce excluded during inventory status sorting"
"150004",1,-9,0,1137,4,165,6,"ei","2",1,306,90,708,130,2011,"HBI",73,163,"Ei","Eiche","Quercus robur x petraea","Quercus","robur x petraea","036.004.999.DL","LB",98,30013,"EI","WAHR","Quercus spp.",17,"ei","ei","ei","EI","EI","aLB","EI",70.8,17.84,"LT cirlce excluded during inventory status sorting"
"150004",2,-9,0,1192,10,76,6,"rbu","4",1,237,19,339,130,2011,"HBI",8,111,"RBu","Rot-Buche","Fagus sylvatica","Fagus","sylvatica","036.001.001","LB",20,30016,"BU","WAHR","Fagus sylvatica",15,"bu","bu","bu","BU","BU","aLB","BU",33.9,17.84,"LT cirlce excluded during inventory status sorting"
"150004",4,-9,0,621,81,165,6,"ei","2",1,310,120,538,130,2011,"HBI",73,163,"Ei","Eiche","Quercus robur x petraea","Quercus","robur x petraea","036.004.999.DL","LB",98,30013,"EI","WAHR","Quercus spp.",17,"ei","ei","ei","EI","EI","aLB","EI",53.8,17.84,"LT cirlce excluded during inventory status sorting"
"150004",5,-9,0,1244,131,165,6,"ei","2",1,272,32,497,130,2011,"HBI",73,163,"Ei","Eiche","Quercus robur x petraea","Quercus","robur x petraea","036.004.999.DL","LB",98,30013,"EI","WAHR","Quercus spp.",17,"ei","ei","ei","EI","EI","aLB","EI",49.7,17.84,"LT cirlce excluded during inventory status sorting"
"150004",7,-9,0,87,190,165,6,"rbu","2",1,311,28,724,130,2011,"HBI",8,111,"RBu","Rot-Buche","Fagus sylvatica","Fagus","sylvatica","036.001.001","LB",20,30016,"BU","WAHR","Fagus sylvatica",15,"bu","bu","bu","BU","BU","aLB","BU",72.4,17.84,"LT cirlce excluded during inventory status sorting"
"150004",8,-9,0,1170,228,165,6,"rbu","2",1,230,20,454,130,2011,"HBI",8,111,"RBu","Rot-Buche","Fagus sylvatica","Fagus","sylvatica","036.001.001","LB",20,30016,"BU","WAHR","Fagus sylvatica",15,"bu","bu","bu","BU","BU","aLB","BU",45.4,17.84,"LT cirlce excluded during inventory status sorting"
"150502",1,-9,0,431,225,30,5,"gki","2",1,57,15,105,130,2012,"HBI",28,211,"GKi","Gewoehnliche Kiefer","Pinus sylvestris","Pinus","sylvestris","026.007.007","NB",134,30015,"KI","WAHR","Pinus sylvestris",5,"ki","ki","ki","KI","KI","KI","KI",10.5,12.62,"LT cirlce excluded during inventory status sorting"
"160035",79,-9,0,821,392,52,1,"sbi","2",1,170,98,325,130,2011,"HBI",36,107,"SBi","Sand-Birke","Betula pendula","Betula","pendula","034.001.001","LB",10,30011,"BI","WAHR","Betula spp.",26,"bu","aLn","shw","BI","BI","BI","BI",32.5,17.84,"LT cirlce excluded during inventory status sorting"
"160035",81,-9,0,905,393,52,1,"sbi","2",1,178,95,345,150,2011,"HBI",36,107,"SBi","Sand-Birke","Betula pendula","Betula","pendula","034.001.001","LB",10,30011,"BI","WAHR","Betula spp.",26,"bu","aLn","shw","BI","BI","BI","BI",34.6,17.84,"LT cirlce excluded during inventory status sorting"
"160059",1,-9,0,961,125,120,5,"gki","2",1,283,179,467,130,2012,"HBI",28,211,"GKi","Gewoehnliche Kiefer","Pinus sylvestris","Pinus","sylvestris","026.007.007","NB",134,30015,"KI","WAHR","Pinus sylvestris",5,"ki","ki","ki","KI","KI","KI","KI",46.7,17.84,"LT cirlce excluded during inventory status sorting"
"160069",17,-9,0,222,24,27,2,"gfi","1",1,171,63,303,130,2011,"HBI",83,207,"GFi","Gewoehnliche Fichte","Picea abies ","Picea","abies ","026.004.001","NB",118,30014,"FI","WAHR","Picea abies",1,"fi","fi","fi","FI","FI","FI","FI",30.3,17.84,"LT cirlce excluded during inventory status sorting"
"160083",49,-9,0,884,247,90,5,"rbu","1",1,178,38,483,130,2011,"HBI",8,111,"RBu","Rot-Buche","Fagus sylvatica","Fagus","sylvatica","036.001.001","LB",20,30016,"BU","WAHR","Fagus sylvatica",15,"bu","bu","bu","BU","BU","aLB","BU",48.3,17.84,"LT cirlce excluded during inventory status sorting"
"30081",1,-9,0,271,169,174,1,"rbu","0",3,287,86,638,130,2011,"HBI",8,111,"RBu","Rot-Buche","Fagus sylvatica","Fagus","sylvatica","036.001.001","LB",20,30016,"BU","WAHR","Fagus sylvatica",15,"bu","bu","bu","BU","BU","aLB","BU",63.8,17.84,"LT cirlce excluded during inventory status sorting"
"30081",2,-9,0,562,124,174,1,"rbu","0",3,238,27,578,130,2011,"HBI",8,111,"RBu","Rot-Buche","Fagus sylvatica","Fagus","sylvatica","036.001.001","LB",20,30016,"BU","WAHR","Fagus sylvatica",15,"bu","bu","bu","BU","BU","aLB","BU",57.8,17.84,"LT cirlce excluded during inventory status sorting"
"30081",3,-9,0,1216,206,174,1,"rbu","0",3,251,79,822,160,2011,"HBI",8,111,"RBu","Rot-Buche","Fagus sylvatica","Fagus","sylvatica","036.001.001","LB",20,30016,"BU","WAHR","Fagus sylvatica",15,"bu","bu","bu","BU","BU","aLB","BU",82.35,17.84,"LT cirlce excluded during inventory status sorting"
"30602",4,-9,0,768,342,24,4,"gfi","1",1,156,13,416,130,2011,"HBI",83,207,"GFi","Gewoehnliche Fichte","Picea abies ","Picea","abies ","026.004.001","NB",118,30014,"FI","WAHR","Picea abies",1,"fi","fi","fi","FI","FI","FI","FI",41.6,17.84,"LT cirlce excluded during inventory status sorting"
"30611",1,-9,0,1182,185,56,1,"gfi","2",1,269,154,375,160,2011,"HBI",83,207,"GFi","Gewoehnliche Fichte","Picea abies ","Picea","abies ","026.004.001","NB",118,30014,"FI","WAHR","Picea abies",1,"fi","fi","fi","FI","FI","FI","FI",37.65,17.84,"LT cirlce excluded during inventory status sorting"
"30652",13,-9,0,1002,292,27,1,"gfi","1",1,207,32,311,160,2011,"HBI",83,207,"GFi","Gewoehnliche Fichte","Picea abies ","Picea","abies ","026.004.001","NB",118,30014,"FI","WAHR","Picea abies",1,"fi","fi","fi","FI","FI","FI","FI",31.25,17.84,"LT cirlce excluded during inventory status sorting"
"50075",1,-9,0,910,326,84,5,"sei","1",3,104,31,360,155,2011,"HBI",39,117,"SEi","Stiel-Eiche","Quercus robur ","Quercus","robur ","036.004.014","LB",51,30013,"EI","WAHR","Quercus spp.",17,"ei","ei","ei","EI","EI","aLB","EI",36.125,17.84,"LT cirlce excluded during inventory status sorting"
"60011",2,-9,0,968,338,94,6,"rbu","0",3,286,55,409,130,2012,"HBI",8,111,"RBu","Rot-Buche","Fagus sylvatica","Fagus","sylvatica","036.001.001","LB",20,30016,"BU","WAHR","Fagus sylvatica",15,"bu","bu","bu","BU","BU","aLB","BU",40.9,17.84,"LT cirlce excluded during inventory status sorting"
"60021",3,-9,0,682,351,100,6,"gfi","2",1,285,219,305,130,2012,"HBI",83,207,"GFi","Gewoehnliche Fichte","Picea abies ","Picea","abies ","026.004.001","NB",118,30014,"FI","WAHR","Picea abies",1,"fi","fi","fi","FI","FI","FI","FI",30.5,17.84,"LT cirlce excluded during inventory status sorting"
"60021",4,-9,0,814,321,100,6,"gfi","2",1,318,199,510,130,2012,"HBI",83,207,"GFi","Gewoehnliche Fichte","Picea abies ","Picea","abies ","026.004.001","NB",118,30014,"FI","WAHR","Picea abies",1,"fi","fi","fi","FI","FI","FI","FI",51,17.84,"LT cirlce excluded during inventory status sorting"
"60025",1,-9,0,593,397,55,6,"rbu","1",1,245,90,322,130,2011,"HBI",8,111,"RBu","Rot-Buche","Fagus sylvatica","Fagus","sylvatica","036.001.001","LB",20,30016,"BU","WAHR","Fagus sylvatica",15,"bu","bu","bu","BU","BU","aLB","BU",32.2,17.84,"LT cirlce excluded during inventory status sorting"
"60094",1,-9,0,675,380,170,-9,"rbu","0",3,387,64,740,130,2011,"HBI",8,111,"RBu","Rot-Buche","Fagus sylvatica","Fagus","sylvatica","036.001.001","LB",20,30016,"BU","WAHR","Fagus sylvatica",15,"bu","bu","bu","BU","BU","aLB","BU",74,17.84,"LT cirlce excluded during inventory status sorting"
"60094",4,-9,0,486,190,170,-9,"rbu","0",3,384,39,743,130,2011,"HBI",8,111,"RBu","Rot-Buche","Fagus sylvatica","Fagus","sylvatica","036.001.001","LB",20,30016,"BU","WAHR","Fagus sylvatica",15,"bu","bu","bu","BU","BU","aLB","BU",74.3,17.84,"LT cirlce excluded during inventory status sorting"
"70010",1,-9,0,152,361,153,1,"rbu","2",1,431,168,748,130,2012,"HBI",8,111,"RBu","Rot-Buche","Fagus sylvatica","Fagus","sylvatica","036.001.001","LB",20,30016,"BU","WAHR","Fagus sylvatica",15,"bu","bu","bu","BU","BU","aLB","BU",74.8,17.84,"LT cirlce excluded during inventory status sorting"
"70010",3,-9,0,1198,251,153,1,"rbu","2",1,326,157,567,130,2012,"HBI",8,111,"RBu","Rot-Buche","Fagus sylvatica","Fagus","sylvatica","036.001.001","LB",20,30016,"BU","WAHR","Fagus sylvatica",15,"bu","bu","bu","BU","BU","aLB","BU",56.7,17.84,"LT cirlce excluded during inventory status sorting"
"70010",4,-9,0,969,123,153,1,"rbu","2",1,397,176,669,130,2012,"HBI",8,111,"RBu","Rot-Buche","Fagus sylvatica","Fagus","sylvatica","036.001.001","LB",20,30016,"BU","WAHR","Fagus sylvatica",15,"bu","bu","bu","BU","BU","aLB","BU",66.9,17.84,"LT cirlce excluded during inventory status sorting"
"70022",19,-9,0,775,310,41,1,"rbu","1",1,237,109,340,130,2012,"HBI",8,111,"RBu","Rot-Buche","Fagus sylvatica","Fagus","sylvatica","036.001.001","LB",20,30016,"BU","WAHR","Fagus sylvatica",15,"bu","bu","bu","BU","BU","aLB","BU",34,17.84,"LT cirlce excluded during inventory status sorting"
"70042",1,-9,0,163,196,100,5,"rbu","0",3,192,66,399,130,2012,"HBI",8,111,"RBu","Rot-Buche","Fagus sylvatica","Fagus","sylvatica","036.001.001","LB",20,30016,"BU","WAHR","Fagus sylvatica",15,"bu","bu","bu","BU","BU","aLB","BU",39.9,17.84,"LT cirlce excluded during inventory status sorting"
"70042",2,-9,0,160,286,180,1,"tei","0",3,351,123,639,130,2012,"HBI",38,116,"TEi","Trauben-Eiche","Quercus petraea","Quercus","petraea","036.004.011","LB",48,30013,"EI","WAHR","Quercus spp.",17,"ei","ei","ei","EI","EI","aLB","EI",63.9,17.84,"LT cirlce excluded during inventory status sorting"
"70116",6,-9,0,1080,312,22,1,"bi","1",1,176,57,344,130,2012,"HBI",5,106,"Bi","Birke","Betula spp.","Betula","spp.","034.001.999.DL","LB",212,30011,"BI","WAHR","Betula spp.",26,"bu","aLn","shw","BI","BI","BI","BI",34.4,17.84,"LT cirlce excluded during inventory status sorting"
"80008",1,-9,0,702,397,100,5,"rbu","0",3,-9,-9,434,130,2011,"HBI",8,111,"RBu","Rot-Buche","Fagus sylvatica","Fagus","sylvatica","036.001.001","LB",20,30016,"BU","WAHR","Fagus sylvatica",15,"bu","bu","bu","BU","BU","aLB","BU",43.4,17.84,"LT cirlce excluded during inventory status sorting"
"80012",1,-9,0,499,220,45,5,"gfi","0",3,127,111,231,130,2011,"HBI",83,207,"GFi","Gewoehnliche Fichte","Picea abies ","Picea","abies ","026.004.001","NB",118,30014,"FI","WAHR","Picea abies",1,"fi","fi","fi","FI","FI","FI","FI",23.1,12.62,"LT cirlce excluded during inventory status sorting"
"80021",6,-9,0,812,394,75,5,"gfi","1",1,171,52,420,130,2011,"HBI",83,207,"GFi","Gewoehnliche Fichte","Picea abies ","Picea","abies ","026.004.001","NB",118,30014,"FI","WAHR","Picea abies",1,"fi","fi","fi","FI","FI","FI","FI",42,17.84,"LT cirlce excluded during inventory status sorting"
"80021",60,-9,0,926,343,70,5,"gfi","1",1,170,68,352,130,2011,"HBI",83,207,"GFi","Gewoehnliche Fichte","Picea abies ","Picea","abies ","026.004.001","NB",118,30014,"FI","WAHR","Picea abies",1,"fi","fi","fi","FI","FI","FI","FI",35.2,17.84,"LT cirlce excluded during inventory status sorting"
"80029",1,-9,0,770,33,99,5,"rbu","3",1,279,27,482,130,2012,"HBI",8,111,"RBu","Rot-Buche","Fagus sylvatica","Fagus","sylvatica","036.001.001","LB",20,30016,"BU","WAHR","Fagus sylvatica",15,"bu","bu","bu","BU","BU","aLB","BU",48.2,17.84,"LT cirlce excluded during inventory status sorting"
"80029",2,-9,0,534,384,110,5,"hbu","2",1,324,71,556,130,2012,"HBI",6,109,"HBu","Hainbuche","Carpinus betulus","Carpinus","betulus","035.001.001","LB",13,30011,"HBU","WAHR","Carpinus betulus",16,"bu","aLh","bu","BU","BU","aLB","ES",55.6,17.84,"LT cirlce excluded during inventory status sorting"
"80029",3,-9,0,1183,230,145,5,"gfi","1",1,407,214,608,250,2012,"HBI",83,207,"GFi","Gewoehnliche Fichte","Picea abies ","Picea","abies ","026.004.001","NB",118,30014,"FI","WAHR","Picea abies",1,"fi","fi","fi","FI","FI","FI","FI",61.4,17.84,"LT cirlce excluded during inventory status sorting"
"80029",4,-9,0,688,249,92,5,"rbu","3",1,291,35,475,100,2012,"HBI",8,111,"RBu","Rot-Buche","Fagus sylvatica","Fagus","sylvatica","036.001.001","LB",20,30016,"BU","WAHR","Fagus sylvatica",15,"bu","bu","bu","BU","BU","aLB","BU",47.35,17.84,"LT cirlce excluded during inventory status sorting"
"80029",5,-9,0,546,301,139,5,"wta","1",1,365,269,581,370,2012,"HBI",23,201,"WTa","Weiß-Tanne","Abies alba","Abies","alba","026.001.006","NB",100,30012,"TA","WAHR","Abies alba",3,"ta","fi","fi","FI","FI","aNB","FI",59.3,17.84,"LT cirlce excluded during inventory status sorting"
"80051",2,-9,0,551,162,30,5,"rbu","1",1,59,12,131,130,2011,"HBI",8,111,"RBu","Rot-Buche","Fagus sylvatica","Fagus","sylvatica","036.001.001","LB",20,30016,"BU","WAHR","Fagus sylvatica",15,"bu","bu","bu","BU","BU","aLB","BU",13.1,12.62,"LT cirlce excluded during inventory status sorting"
"80068",19,-9,0,854,246,115,5,"wta","0",3,-9,-9,579,130,2012,"HBI",23,201,"WTa","Weiß-Tanne","Abies alba","Abies","alba","026.001.006","NB",100,30012,"TA","WAHR","Abies alba",3,"ta","fi","fi","FI","FI","aNB","FI",57.9,17.84,"LT cirlce excluded during inventory status sorting"
"80068",22,-9,0,502,226,110,5,"wta","0",3,335,283,562,130,2012,"HBI",23,201,"WTa","Weiß-Tanne","Abies alba","Abies","alba","026.001.006","NB",100,30012,"TA","WAHR","Abies alba",3,"ta","fi","fi","FI","FI","aNB","FI",56.2,17.84,"LT cirlce excluded during inventory status sorting"
"80068",23,-9,0,878,188,145,5,"wta","0",3,348,274,717,130,2012,"HBI",23,201,"WTa","Weiß-Tanne","Abies alba","Abies","alba","026.001.006","NB",100,30012,"TA","WAHR","Abies alba",3,"ta","fi","fi","FI","FI","aNB","FI",71.7,17.84,"LT cirlce excluded during inventory status sorting"
"80101",3,-9,0,400,95,150,5,"ela","0",3,365,274,741,130,2011,"HBI",26,204,"ELa","Europaeische Laerche","Larix decidua","Larix","decidua","026.005.002","NB",116,30012,"ELA","WAHR","Larix decidua",10,"lae","ki","ki","KI","LA","aNB","FI",74.1,17.84,"LT cirlce excluded during inventory status sorting"
"80162",53,-9,0,1240,15,20,6,"bi","1",1,190,67,300,130,2012,"HBI",5,106,"Bi","Birke","Betula spp.","Betula","spp.","034.001.999.DL","LB",212,30011,"BI","WAHR","Betula spp.",26,"bu","aLn","shw","BI","BI","BI","BI",30,17.84,"LT cirlce excluded during inventory status sorting"
"80308",1,-9,0,430,116,10,5,"rbu","1",1,79,20,101,130,2011,"HBI",8,111,"RBu","Rot-Buche","Fagus sylvatica","Fagus","sylvatica","036.001.001","LB",20,30016,"BU","WAHR","Fagus sylvatica",15,"bu","bu","bu","BU","BU","aLB","BU",10.1,12.62,"LT cirlce excluded during inventory status sorting"
