"plot_ID","CCS_nr","CCS_position","CCS_dist","CCS_RG_inv_status","CCS_max_dist_cm","inv_year","inv","rem_reason"
10009,1,"n",1000,1,476,2012,"HBI","whole plot excluded during inventory status sorting"
10009,2,"o",1000,2,-9,2012,"HBI","whole plot excluded during inventory status sorting"
10009,3,"s",1000,1,461,2012,"HBI","whole plot excluded during inventory status sorting"
10009,4,"w",1000,1,465,2012,"HBI","whole plot excluded during inventory status sorting"
10041,1,"n",1000,2,-9,2012,"HBI","whole plot excluded during inventory status sorting"
10041,2,"o",1000,2,-9,2012,"HBI","whole plot excluded during inventory status sorting"
10041,3,"s",1000,2,-9,2012,"HBI","whole plot excluded during inventory status sorting"
10041,4,"w",1000,2,-9,2012,"HBI","whole plot excluded during inventory status sorting"
20003,1,"n",1000,-1,-9,1970,"warning","whole plot excluded during inventory status sorting"
20003,2,"o",1000,-1,-9,1970,"warning","whole plot excluded during inventory status sorting"
20003,3,"s",1000,-1,-9,1970,"warning","whole plot excluded during inventory status sorting"
20003,4,"w",1000,-1,-9,1970,"warning","whole plot excluded during inventory status sorting"
20004,1,"n",1000,-1,-9,1970,"warning","whole plot excluded during inventory status sorting"
20004,2,"o",1000,-1,-9,1970,"warning","whole plot excluded during inventory status sorting"
20004,3,"s",1000,-1,-9,1970,"warning","whole plot excluded during inventory status sorting"
20004,4,"w",1000,-1,-9,1970,"warning","whole plot excluded during inventory status sorting"
80109,1,"n",1000,-1,-9,1970,"warning","whole plot excluded during inventory status sorting"
80109,2,"o",1000,-1,-9,1970,"warning","whole plot excluded during inventory status sorting"
80109,3,"s",1000,-1,-9,1970,"warning","whole plot excluded during inventory status sorting"
80109,4,"w",1000,-1,-9,1970,"warning","whole plot excluded during inventory status sorting"
80181,1,"n",1000,-1,-9,1970,"warning","whole plot excluded during inventory status sorting"
80181,2,"o",1000,-1,-9,1970,"warning","whole plot excluded during inventory status sorting"
80181,3,"s",1000,-1,-9,1970,"warning","whole plot excluded during inventory status sorting"
80181,4,"w",1000,-1,-9,1970,"warning","whole plot excluded during inventory status sorting"
80187,1,"n",1000,-1,-9,1970,"warning","whole plot excluded during inventory status sorting"
80187,2,"o",1000,-1,-9,1970,"warning","whole plot excluded during inventory status sorting"
80187,3,"s",1000,-1,-9,1970,"warning","whole plot excluded during inventory status sorting"
80187,4,"w",1000,-1,-9,1970,"warning","whole plot excluded during inventory status sorting"
80190,1,"n",1000,-1,-9,1970,"warning","whole plot excluded during inventory status sorting"
80190,2,"o",1000,-1,-9,1970,"warning","whole plot excluded during inventory status sorting"
80190,3,"s",1000,-1,-9,1970,"warning","whole plot excluded during inventory status sorting"
80190,4,"w",1000,-1,-9,1970,"warning","whole plot excluded during inventory status sorting"
80197,1,"n",1000,-1,-9,1970,"warning","whole plot excluded during inventory status sorting"
80197,2,"o",1000,-1,-9,1970,"warning","whole plot excluded during inventory status sorting"
80197,3,"s",1000,-1,-9,1970,"warning","whole plot excluded during inventory status sorting"
80197,4,"w",1000,-1,-9,1970,"warning","whole plot excluded during inventory status sorting"
80888,1,"n",1000,-1,-9,1970,"warning","whole plot excluded during inventory status sorting"
80888,2,"o",1000,-1,-9,1970,"warning","whole plot excluded during inventory status sorting"
80888,3,"s",1000,-1,-9,1970,"warning","whole plot excluded during inventory status sorting"
80888,4,"w",1000,-1,-9,1970,"warning","whole plot excluded during inventory status sorting"
100001,1,"n",1000,-1,500,1970,"warning","whole plot excluded during inventory status sorting"
100001,2,"o",1000,-1,500,1970,"warning","whole plot excluded during inventory status sorting"
100001,3,"s",1000,-1,500,1970,"warning","whole plot excluded during inventory status sorting"
100001,4,"w",1000,-1,500,1970,"warning","whole plot excluded during inventory status sorting"
100005,1,"n",1000,-1,500,1970,"warning","whole plot excluded during inventory status sorting"
100005,2,"o",1000,-1,500,1970,"warning","whole plot excluded during inventory status sorting"
100005,3,"s",1000,-1,500,1970,"warning","whole plot excluded during inventory status sorting"
100005,4,"w",1000,-1,500,1970,"warning","whole plot excluded during inventory status sorting"
100006,1,"n",1000,-1,500,1970,"warning","whole plot excluded during inventory status sorting"
100006,2,"o",1000,-1,500,1970,"warning","whole plot excluded during inventory status sorting"
100006,3,"s",1000,-1,500,1970,"warning","whole plot excluded during inventory status sorting"
100006,4,"w",1000,-1,500,1970,"warning","whole plot excluded during inventory status sorting"
100007,1,"n",1000,-1,500,1970,"warning","whole plot excluded during inventory status sorting"
100007,2,"o",1000,-1,500,1970,"warning","whole plot excluded during inventory status sorting"
100007,3,"s",1000,-1,500,1970,"warning","whole plot excluded during inventory status sorting"
100007,4,"w",1000,-1,500,1970,"warning","whole plot excluded during inventory status sorting"
100008,1,"n",1000,-1,500,1970,"warning","whole plot excluded during inventory status sorting"
100008,2,"o",1000,-1,500,1970,"warning","whole plot excluded during inventory status sorting"
100008,3,"s",1000,-1,500,1970,"warning","whole plot excluded during inventory status sorting"
100008,4,"w",1000,-1,500,1970,"warning","whole plot excluded during inventory status sorting"
100012,1,"n",1000,-1,500,1970,"warning","whole plot excluded during inventory status sorting"
100012,2,"o",1000,-1,500,1970,"warning","whole plot excluded during inventory status sorting"
100012,3,"s",1000,-1,500,1970,"warning","whole plot excluded during inventory status sorting"
100012,4,"w",1000,-1,500,1970,"warning","whole plot excluded during inventory status sorting"
100017,1,"n",1000,-1,500,1970,"warning","whole plot excluded during inventory status sorting"
100017,2,"o",1000,-1,500,1970,"warning","whole plot excluded during inventory status sorting"
100017,3,"s",1000,-1,500,1970,"warning","whole plot excluded during inventory status sorting"
100017,4,"w",1000,-1,500,1970,"warning","whole plot excluded during inventory status sorting"
100019,1,"n",1000,-1,500,1970,"warning","whole plot excluded during inventory status sorting"
100019,2,"o",1000,-1,500,1970,"warning","whole plot excluded during inventory status sorting"
100019,3,"s",1000,-1,500,1970,"warning","whole plot excluded during inventory status sorting"
100019,4,"w",1000,-1,500,1970,"warning","whole plot excluded during inventory status sorting"
100023,1,"n",1000,-1,500,1970,"warning","whole plot excluded during inventory status sorting"
100023,2,"o",1000,-1,500,1970,"warning","whole plot excluded during inventory status sorting"
100023,3,"s",1000,-1,500,1970,"warning","whole plot excluded during inventory status sorting"
100023,4,"w",1000,-1,500,1970,"warning","whole plot excluded during inventory status sorting"
100024,1,"n",1000,-1,500,1970,"warning","whole plot excluded during inventory status sorting"
100024,2,"o",1000,-1,500,1970,"warning","whole plot excluded during inventory status sorting"
100024,3,"s",1000,-1,500,1970,"warning","whole plot excluded during inventory status sorting"
100024,4,"w",1000,-1,500,1970,"warning","whole plot excluded during inventory status sorting"
100026,1,"n",1000,-1,500,1970,"warning","whole plot excluded during inventory status sorting"
100026,2,"o",1000,-1,500,1970,"warning","whole plot excluded during inventory status sorting"
100026,3,"s",1000,-1,500,1970,"warning","whole plot excluded during inventory status sorting"
100026,4,"w",1000,-1,500,1970,"warning","whole plot excluded during inventory status sorting"
100027,1,"n",1000,-1,500,1970,"warning","whole plot excluded during inventory status sorting"
100027,2,"o",1000,-1,500,1970,"warning","whole plot excluded during inventory status sorting"
100027,3,"s",1000,-1,500,1970,"warning","whole plot excluded during inventory status sorting"
100027,4,"w",1000,-1,500,1970,"warning","whole plot excluded during inventory status sorting"
100030,1,"n",1000,-1,500,1970,"warning","whole plot excluded during inventory status sorting"
100030,2,"o",1000,-1,500,1970,"warning","whole plot excluded during inventory status sorting"
100030,3,"s",1000,-1,500,1970,"warning","whole plot excluded during inventory status sorting"
100030,4,"w",1000,-1,500,1970,"warning","whole plot excluded during inventory status sorting"
100031,1,"n",1000,-1,500,1970,"warning","whole plot excluded during inventory status sorting"
100031,2,"o",1000,-1,500,1970,"warning","whole plot excluded during inventory status sorting"
100031,3,"s",1000,-1,500,1970,"warning","whole plot excluded during inventory status sorting"
100031,4,"w",1000,-1,500,1970,"warning","whole plot excluded during inventory status sorting"
100032,1,"n",1000,-1,500,1970,"warning","whole plot excluded during inventory status sorting"
100032,2,"o",1000,-1,500,1970,"warning","whole plot excluded during inventory status sorting"
100032,3,"s",1000,-1,500,1970,"warning","whole plot excluded during inventory status sorting"
100032,4,"w",1000,-1,500,1970,"warning","whole plot excluded during inventory status sorting"
100033,1,"n",1000,-1,500,1970,"warning","whole plot excluded during inventory status sorting"
100033,2,"o",1000,-1,500,1970,"warning","whole plot excluded during inventory status sorting"
100033,3,"s",1000,-1,500,1970,"warning","whole plot excluded during inventory status sorting"
100033,4,"w",1000,-1,500,1970,"warning","whole plot excluded during inventory status sorting"
100034,1,"n",1000,-1,500,1970,"warning","whole plot excluded during inventory status sorting"
100034,2,"o",1000,-1,500,1970,"warning","whole plot excluded during inventory status sorting"
100034,3,"s",1000,-1,500,1970,"warning","whole plot excluded during inventory status sorting"
100034,4,"w",1000,-1,500,1970,"warning","whole plot excluded during inventory status sorting"
100035,1,"n",1000,-1,500,1970,"warning","whole plot excluded during inventory status sorting"
100035,2,"o",1000,-1,500,1970,"warning","whole plot excluded during inventory status sorting"
100035,3,"s",1000,-1,500,1970,"warning","whole plot excluded during inventory status sorting"
100035,4,"w",1000,-1,500,1970,"warning","whole plot excluded during inventory status sorting"
100036,1,"n",1000,-1,500,1970,"warning","whole plot excluded during inventory status sorting"
100036,2,"o",1000,-1,500,1970,"warning","whole plot excluded during inventory status sorting"
100036,3,"s",1000,-1,500,1970,"warning","whole plot excluded during inventory status sorting"
100036,4,"w",1000,-1,500,1970,"warning","whole plot excluded during inventory status sorting"
100038,1,"n",1000,-1,500,1970,"warning","whole plot excluded during inventory status sorting"
100038,2,"o",1000,-1,500,1970,"warning","whole plot excluded during inventory status sorting"
100038,3,"s",1000,-1,500,1970,"warning","whole plot excluded during inventory status sorting"
100038,4,"w",1000,-1,500,1970,"warning","whole plot excluded during inventory status sorting"
100041,1,"n",1000,-1,500,1970,"warning","whole plot excluded during inventory status sorting"
100041,2,"o",1000,-1,500,1970,"warning","whole plot excluded during inventory status sorting"
100041,3,"s",1000,-1,500,1970,"warning","whole plot excluded during inventory status sorting"
100041,4,"w",1000,-1,500,1970,"warning","whole plot excluded during inventory status sorting"
100042,1,"n",1000,-1,500,1970,"warning","whole plot excluded during inventory status sorting"
100042,2,"o",1000,-1,500,1970,"warning","whole plot excluded during inventory status sorting"
100042,3,"s",1000,-1,500,1970,"warning","whole plot excluded during inventory status sorting"
100042,4,"w",1000,-1,500,1970,"warning","whole plot excluded during inventory status sorting"
100043,1,"n",1000,-1,500,1970,"warning","whole plot excluded during inventory status sorting"
100043,2,"o",1000,-1,500,1970,"warning","whole plot excluded during inventory status sorting"
100043,3,"s",1000,-1,500,1970,"warning","whole plot excluded during inventory status sorting"
100043,4,"w",1000,-1,500,1970,"warning","whole plot excluded during inventory status sorting"
100046,1,"n",1000,-1,500,1970,"warning","whole plot excluded during inventory status sorting"
100046,2,"o",1000,-1,500,1970,"warning","whole plot excluded during inventory status sorting"
100046,3,"s",1000,-1,500,1970,"warning","whole plot excluded during inventory status sorting"
100046,4,"w",1000,-1,500,1970,"warning","whole plot excluded during inventory status sorting"
100048,1,"n",1000,-1,500,1970,"warning","whole plot excluded during inventory status sorting"
100048,2,"o",1000,-1,500,1970,"warning","whole plot excluded during inventory status sorting"
100048,3,"s",1000,-1,500,1970,"warning","whole plot excluded during inventory status sorting"
100048,4,"w",1000,-1,500,1970,"warning","whole plot excluded during inventory status sorting"
100049,1,"n",1000,-1,500,1970,"warning","whole plot excluded during inventory status sorting"
100049,2,"o",1000,-1,500,1970,"warning","whole plot excluded during inventory status sorting"
100049,3,"s",1000,-1,500,1970,"warning","whole plot excluded during inventory status sorting"
100049,4,"w",1000,-1,500,1970,"warning","whole plot excluded during inventory status sorting"
100051,1,"n",1000,-1,500,1970,"warning","whole plot excluded during inventory status sorting"
100051,2,"o",1000,-1,500,1970,"warning","whole plot excluded during inventory status sorting"
100051,3,"s",1000,-1,500,1970,"warning","whole plot excluded during inventory status sorting"
100051,4,"w",1000,-1,500,1970,"warning","whole plot excluded during inventory status sorting"
100053,1,"n",1000,-1,500,1970,"warning","whole plot excluded during inventory status sorting"
100053,2,"o",1000,-1,500,1970,"warning","whole plot excluded during inventory status sorting"
100053,3,"s",1000,-1,500,1970,"warning","whole plot excluded during inventory status sorting"
100053,4,"w",1000,-1,500,1970,"warning","whole plot excluded during inventory status sorting"
100054,1,"n",1000,-1,500,1970,"warning","whole plot excluded during inventory status sorting"
100054,2,"o",1000,-1,500,1970,"warning","whole plot excluded during inventory status sorting"
100054,3,"s",1000,-1,500,1970,"warning","whole plot excluded during inventory status sorting"
100054,4,"w",1000,-1,500,1970,"warning","whole plot excluded during inventory status sorting"
100059,1,"n",1000,-1,500,1970,"warning","whole plot excluded during inventory status sorting"
100059,2,"o",1000,-1,500,1970,"warning","whole plot excluded during inventory status sorting"
100059,3,"s",1000,-1,500,1970,"warning","whole plot excluded during inventory status sorting"
100059,4,"w",1000,-1,500,1970,"warning","whole plot excluded during inventory status sorting"
100060,1,"n",1000,-1,500,1970,"warning","whole plot excluded during inventory status sorting"
100060,2,"o",1000,-1,500,1970,"warning","whole plot excluded during inventory status sorting"
100060,3,"s",1000,-1,500,1970,"warning","whole plot excluded during inventory status sorting"
100060,4,"w",1000,-1,500,1970,"warning","whole plot excluded during inventory status sorting"
100061,1,"n",1000,-1,500,1970,"warning","whole plot excluded during inventory status sorting"
100061,2,"o",1000,-1,500,1970,"warning","whole plot excluded during inventory status sorting"
100061,3,"s",1000,-1,500,1970,"warning","whole plot excluded during inventory status sorting"
100061,4,"w",1000,-1,500,1970,"warning","whole plot excluded during inventory status sorting"
100063,1,"n",1000,-1,500,1970,"warning","whole plot excluded during inventory status sorting"
100063,2,"o",1000,-1,500,1970,"warning","whole plot excluded during inventory status sorting"
100063,3,"s",1000,-1,500,1970,"warning","whole plot excluded during inventory status sorting"
100063,4,"w",1000,-1,500,1970,"warning","whole plot excluded during inventory status sorting"
100067,1,"n",1000,-1,500,1970,"warning","whole plot excluded during inventory status sorting"
100067,2,"o",1000,-1,500,1970,"warning","whole plot excluded during inventory status sorting"
100067,3,"s",1000,-1,500,1970,"warning","whole plot excluded during inventory status sorting"
100067,4,"w",1000,-1,500,1970,"warning","whole plot excluded during inventory status sorting"
100069,1,"n",1000,-1,500,1970,"warning","whole plot excluded during inventory status sorting"
100069,2,"o",1000,-1,500,1970,"warning","whole plot excluded during inventory status sorting"
100069,3,"s",1000,-1,500,1970,"warning","whole plot excluded during inventory status sorting"
100069,4,"w",1000,-1,500,1970,"warning","whole plot excluded during inventory status sorting"
100074,1,"n",1000,-1,500,1970,"warning","whole plot excluded during inventory status sorting"
100074,2,"o",1000,-1,500,1970,"warning","whole plot excluded during inventory status sorting"
100074,3,"s",1000,-1,500,1970,"warning","whole plot excluded during inventory status sorting"
100074,4,"w",1000,-1,500,1970,"warning","whole plot excluded during inventory status sorting"
100075,1,"n",1000,-1,500,1970,"warning","whole plot excluded during inventory status sorting"
100075,2,"o",1000,-1,500,1970,"warning","whole plot excluded during inventory status sorting"
100075,3,"s",1000,-1,500,1970,"warning","whole plot excluded during inventory status sorting"
100075,4,"w",1000,-1,500,1970,"warning","whole plot excluded during inventory status sorting"
100076,1,"n",1000,-1,500,1970,"warning","whole plot excluded during inventory status sorting"
100076,2,"o",1000,-1,500,1970,"warning","whole plot excluded during inventory status sorting"
100076,3,"s",1000,-1,500,1970,"warning","whole plot excluded during inventory status sorting"
100076,4,"w",1000,-1,500,1970,"warning","whole plot excluded during inventory status sorting"
100077,1,"n",1000,-1,500,1970,"warning","whole plot excluded during inventory status sorting"
100077,2,"o",1000,-1,500,1970,"warning","whole plot excluded during inventory status sorting"
100077,3,"s",1000,-1,500,1970,"warning","whole plot excluded during inventory status sorting"
100077,4,"w",1000,-1,500,1970,"warning","whole plot excluded during inventory status sorting"
100079,1,"n",1000,-1,500,1970,"warning","whole plot excluded during inventory status sorting"
100079,2,"o",1000,-1,500,1970,"warning","whole plot excluded during inventory status sorting"
100079,3,"s",1000,-1,500,1970,"warning","whole plot excluded during inventory status sorting"
100079,4,"w",1000,-1,500,1970,"warning","whole plot excluded during inventory status sorting"
100100,1,"n",1000,-1,500,1970,"warning","whole plot excluded during inventory status sorting"
100100,2,"o",1000,-1,500,1970,"warning","whole plot excluded during inventory status sorting"
100100,3,"s",1000,-1,500,1970,"warning","whole plot excluded during inventory status sorting"
100100,4,"w",1000,-1,500,1970,"warning","whole plot excluded during inventory status sorting"
100101,1,"n",1000,-1,500,1970,"warning","whole plot excluded during inventory status sorting"
100101,2,"o",1000,-1,500,1970,"warning","whole plot excluded during inventory status sorting"
100101,3,"s",1000,-1,500,1970,"warning","whole plot excluded during inventory status sorting"
100101,4,"w",1000,-1,500,1970,"warning","whole plot excluded during inventory status sorting"
100102,1,"n",1000,-1,500,1970,"warning","whole plot excluded during inventory status sorting"
100102,2,"o",1000,-1,500,1970,"warning","whole plot excluded during inventory status sorting"
100102,3,"s",1000,-1,500,1970,"warning","whole plot excluded during inventory status sorting"
100102,4,"w",1000,-1,500,1970,"warning","whole plot excluded during inventory status sorting"
100103,1,"n",1000,-1,500,1970,"warning","whole plot excluded during inventory status sorting"
100103,2,"o",1000,-1,500,1970,"warning","whole plot excluded during inventory status sorting"
100103,3,"s",1000,-1,500,1970,"warning","whole plot excluded during inventory status sorting"
100103,4,"w",1000,-1,500,1970,"warning","whole plot excluded during inventory status sorting"
100104,1,"n",1000,-1,500,1970,"warning","whole plot excluded during inventory status sorting"
100104,2,"o",1000,-1,500,1970,"warning","whole plot excluded during inventory status sorting"
100104,3,"s",1000,-1,500,1970,"warning","whole plot excluded during inventory status sorting"
100104,4,"w",1000,-1,500,1970,"warning","whole plot excluded during inventory status sorting"
100105,1,"n",1000,-1,500,1970,"warning","whole plot excluded during inventory status sorting"
100105,2,"o",1000,-1,500,1970,"warning","whole plot excluded during inventory status sorting"
100105,3,"s",1000,-1,500,1970,"warning","whole plot excluded during inventory status sorting"
100105,4,"w",1000,-1,500,1970,"warning","whole plot excluded during inventory status sorting"
100106,1,"n",1000,-1,500,1970,"warning","whole plot excluded during inventory status sorting"
100106,2,"o",1000,-1,500,1970,"warning","whole plot excluded during inventory status sorting"
100106,3,"s",1000,-1,500,1970,"warning","whole plot excluded during inventory status sorting"
100106,4,"w",1000,-1,500,1970,"warning","whole plot excluded during inventory status sorting"
100107,1,"n",1000,-1,500,1970,"warning","whole plot excluded during inventory status sorting"
100107,2,"o",1000,-1,500,1970,"warning","whole plot excluded during inventory status sorting"
100107,3,"s",1000,-1,500,1970,"warning","whole plot excluded during inventory status sorting"
100107,4,"w",1000,-1,500,1970,"warning","whole plot excluded during inventory status sorting"
100108,1,"n",1000,-1,500,1970,"warning","whole plot excluded during inventory status sorting"
100108,2,"o",1000,-1,500,1970,"warning","whole plot excluded during inventory status sorting"
100108,3,"s",1000,-1,500,1970,"warning","whole plot excluded during inventory status sorting"
100108,4,"w",1000,-1,500,1970,"warning","whole plot excluded during inventory status sorting"
100109,1,"n",1000,-1,500,1970,"warning","whole plot excluded during inventory status sorting"
100109,2,"o",1000,-1,500,1970,"warning","whole plot excluded during inventory status sorting"
100109,3,"s",1000,-1,500,1970,"warning","whole plot excluded during inventory status sorting"
100109,4,"w",1000,-1,500,1970,"warning","whole plot excluded during inventory status sorting"
100110,1,"n",1000,-1,500,1970,"warning","whole plot excluded during inventory status sorting"
100110,2,"o",1000,-1,500,1970,"warning","whole plot excluded during inventory status sorting"
100110,3,"s",1000,-1,500,1970,"warning","whole plot excluded during inventory status sorting"
100110,4,"w",1000,-1,500,1970,"warning","whole plot excluded during inventory status sorting"
100111,1,"n",1000,-1,500,1970,"warning","whole plot excluded during inventory status sorting"
100111,2,"o",1000,-1,500,1970,"warning","whole plot excluded during inventory status sorting"
100111,3,"s",1000,-1,500,1970,"warning","whole plot excluded during inventory status sorting"
100111,4,"w",1000,-1,500,1970,"warning","whole plot excluded during inventory status sorting"
100112,1,"n",1000,-1,500,1970,"warning","whole plot excluded during inventory status sorting"
100112,2,"o",1000,-1,500,1970,"warning","whole plot excluded during inventory status sorting"
100112,3,"s",1000,-1,500,1970,"warning","whole plot excluded during inventory status sorting"
100112,4,"w",1000,-1,500,1970,"warning","whole plot excluded during inventory status sorting"
100113,1,"n",1000,-1,500,1970,"warning","whole plot excluded during inventory status sorting"
100113,2,"o",1000,-1,500,1970,"warning","whole plot excluded during inventory status sorting"
100113,3,"s",1000,-1,500,1970,"warning","whole plot excluded during inventory status sorting"
100113,4,"w",1000,-1,500,1970,"warning","whole plot excluded during inventory status sorting"
100114,1,"n",1000,-1,500,1970,"warning","whole plot excluded during inventory status sorting"
100114,2,"o",1000,-1,500,1970,"warning","whole plot excluded during inventory status sorting"
100114,3,"s",1000,-1,500,1970,"warning","whole plot excluded during inventory status sorting"
100114,4,"w",1000,-1,500,1970,"warning","whole plot excluded during inventory status sorting"
100115,1,"n",1000,-1,500,1970,"warning","whole plot excluded during inventory status sorting"
100115,2,"o",1000,-1,500,1970,"warning","whole plot excluded during inventory status sorting"
100115,3,"s",1000,-1,500,1970,"warning","whole plot excluded during inventory status sorting"
100115,4,"w",1000,-1,500,1970,"warning","whole plot excluded during inventory status sorting"
100116,1,"n",1000,-1,500,1970,"warning","whole plot excluded during inventory status sorting"
100116,2,"o",1000,-1,500,1970,"warning","whole plot excluded during inventory status sorting"
100116,3,"s",1000,-1,500,1970,"warning","whole plot excluded during inventory status sorting"
100116,4,"w",1000,-1,500,1970,"warning","whole plot excluded during inventory status sorting"
100117,1,"n",1000,-1,500,1970,"warning","whole plot excluded during inventory status sorting"
100117,2,"o",1000,-1,500,1970,"warning","whole plot excluded during inventory status sorting"
100117,3,"s",1000,-1,500,1970,"warning","whole plot excluded during inventory status sorting"
100117,4,"w",1000,-1,500,1970,"warning","whole plot excluded during inventory status sorting"
100118,1,"n",1000,-1,500,1970,"warning","whole plot excluded during inventory status sorting"
100118,2,"o",1000,-1,500,1970,"warning","whole plot excluded during inventory status sorting"
100118,3,"s",1000,-1,500,1970,"warning","whole plot excluded during inventory status sorting"
100118,4,"w",1000,-1,500,1970,"warning","whole plot excluded during inventory status sorting"
100119,1,"n",1000,-1,500,1970,"warning","whole plot excluded during inventory status sorting"
100119,2,"o",1000,-1,500,1970,"warning","whole plot excluded during inventory status sorting"
100119,3,"s",1000,-1,500,1970,"warning","whole plot excluded during inventory status sorting"
100119,4,"w",1000,-1,500,1970,"warning","whole plot excluded during inventory status sorting"
100120,1,"n",1000,-1,500,1970,"warning","whole plot excluded during inventory status sorting"
100120,2,"o",1000,-1,500,1970,"warning","whole plot excluded during inventory status sorting"
100120,3,"s",1000,-1,500,1970,"warning","whole plot excluded during inventory status sorting"
100120,4,"w",1000,-1,500,1970,"warning","whole plot excluded during inventory status sorting"
100121,1,"n",1000,-1,500,1970,"warning","whole plot excluded during inventory status sorting"
100121,2,"o",1000,-1,500,1970,"warning","whole plot excluded during inventory status sorting"
100121,3,"s",1000,-1,500,1970,"warning","whole plot excluded during inventory status sorting"
100121,4,"w",1000,-1,500,1970,"warning","whole plot excluded during inventory status sorting"
100122,1,"n",1000,-1,500,1970,"warning","whole plot excluded during inventory status sorting"
100122,2,"o",1000,-1,500,1970,"warning","whole plot excluded during inventory status sorting"
100122,3,"s",1000,-1,500,1970,"warning","whole plot excluded during inventory status sorting"
100122,4,"w",1000,-1,500,1970,"warning","whole plot excluded during inventory status sorting"
100123,1,"n",1000,-1,500,1970,"warning","whole plot excluded during inventory status sorting"
100123,2,"o",1000,-1,500,1970,"warning","whole plot excluded during inventory status sorting"
100123,3,"s",1000,-1,500,1970,"warning","whole plot excluded during inventory status sorting"
100123,4,"w",1000,-1,500,1970,"warning","whole plot excluded during inventory status sorting"
100124,1,"n",1000,-1,500,1970,"warning","whole plot excluded during inventory status sorting"
100124,2,"o",1000,-1,500,1970,"warning","whole plot excluded during inventory status sorting"
100124,3,"s",1000,-1,500,1970,"warning","whole plot excluded during inventory status sorting"
100124,4,"w",1000,-1,500,1970,"warning","whole plot excluded during inventory status sorting"
100125,1,"n",1000,-1,500,1970,"warning","whole plot excluded during inventory status sorting"
100125,2,"o",1000,-1,500,1970,"warning","whole plot excluded during inventory status sorting"
100125,3,"s",1000,-1,500,1970,"warning","whole plot excluded during inventory status sorting"
100125,4,"w",1000,-1,500,1970,"warning","whole plot excluded during inventory status sorting"
120023,1,"n",1000,-1,-9,1970,"warning","whole plot excluded during inventory status sorting"
120023,2,"o",1000,-1,-9,1970,"warning","whole plot excluded during inventory status sorting"
120023,3,"s",1000,-1,-9,1970,"warning","whole plot excluded during inventory status sorting"
120023,4,"w",1000,-1,-9,1970,"warning","whole plot excluded during inventory status sorting"
120064,1,"n",1000,-1,-9,1970,"warning","whole plot excluded during inventory status sorting"
120064,2,"o",1000,-1,-9,1970,"warning","whole plot excluded during inventory status sorting"
120064,3,"s",1000,-1,-9,1970,"warning","whole plot excluded during inventory status sorting"
120064,4,"w",1000,-1,-9,1970,"warning","whole plot excluded during inventory status sorting"
120082,1,"n",1000,-1,-9,1970,"warning","whole plot excluded during inventory status sorting"
120082,2,"o",1000,-1,-9,1970,"warning","whole plot excluded during inventory status sorting"
120082,3,"s",1000,-1,-9,1970,"warning","whole plot excluded during inventory status sorting"
120082,4,"w",1000,-1,-9,1970,"warning","whole plot excluded during inventory status sorting"
120121,1,"n",1000,-1,-9,1970,"warning","whole plot excluded during inventory status sorting"
120121,2,"o",1000,-1,-9,1970,"warning","whole plot excluded during inventory status sorting"
120121,3,"s",1000,-1,-9,1970,"warning","whole plot excluded during inventory status sorting"
120121,4,"w",1000,-1,-9,1970,"warning","whole plot excluded during inventory status sorting"
120126,1,"n",1000,-1,-9,1970,"warning","whole plot excluded during inventory status sorting"
120126,2,"o",1000,-1,-9,1970,"warning","whole plot excluded during inventory status sorting"
120126,3,"s",1000,-1,-9,1970,"warning","whole plot excluded during inventory status sorting"
120126,4,"w",1000,-1,-9,1970,"warning","whole plot excluded during inventory status sorting"
120152,1,"n",1000,-1,-9,1970,"warning","whole plot excluded during inventory status sorting"
120152,2,"o",1000,-1,-9,1970,"warning","whole plot excluded during inventory status sorting"
120152,3,"s",1000,-1,-9,1970,"warning","whole plot excluded during inventory status sorting"
120152,4,"w",1000,-1,-9,1970,"warning","whole plot excluded during inventory status sorting"
120158,1,"n",1000,-1,-9,1970,"warning","whole plot excluded during inventory status sorting"
120158,2,"o",1000,-1,-9,1970,"warning","whole plot excluded during inventory status sorting"
120158,3,"s",1000,-1,-9,1970,"warning","whole plot excluded during inventory status sorting"
120158,4,"w",1000,-1,-9,1970,"warning","whole plot excluded during inventory status sorting"
120162,1,"n",1000,-1,-9,1970,"warning","whole plot excluded during inventory status sorting"
120162,2,"o",1000,-1,-9,1970,"warning","whole plot excluded during inventory status sorting"
120162,3,"s",1000,-1,-9,1970,"warning","whole plot excluded during inventory status sorting"
120162,4,"w",1000,-1,-9,1970,"warning","whole plot excluded during inventory status sorting"
120166,1,"n",1000,-1,-9,1970,"warning","whole plot excluded during inventory status sorting"
120166,2,"o",1000,-1,-9,1970,"warning","whole plot excluded during inventory status sorting"
120166,3,"s",1000,-1,-9,1970,"warning","whole plot excluded during inventory status sorting"
120166,4,"w",1000,-1,-9,1970,"warning","whole plot excluded during inventory status sorting"
130001,1,"n",1000,2,-9,2012,"HBI","whole plot excluded during inventory status sorting"
130001,2,"o",1000,2,-9,2012,"HBI","whole plot excluded during inventory status sorting"
130001,3,"s",1000,2,-9,2012,"HBI","whole plot excluded during inventory status sorting"
130001,4,"w",1000,2,-9,2012,"HBI","whole plot excluded during inventory status sorting"
130002,1,"n",1000,1,160,2012,"HBI","whole plot excluded during inventory status sorting"
130002,2,"o",1000,1,225,2012,"HBI","whole plot excluded during inventory status sorting"
130002,3,"s",1000,1,178,2012,"HBI","whole plot excluded during inventory status sorting"
130002,4,"w",1000,1,293,2012,"HBI","whole plot excluded during inventory status sorting"
130003,1,"n",1000,1,498,2012,"HBI","whole plot excluded during inventory status sorting"
130003,2,"o",1000,1,225,2012,"HBI","whole plot excluded during inventory status sorting"
130003,3,"s",1000,1,116,2012,"HBI","whole plot excluded during inventory status sorting"
130003,4,"w",1000,1,440,2012,"HBI","whole plot excluded during inventory status sorting"
130004,1,"n",1000,1,97,2012,"HBI","whole plot excluded during inventory status sorting"
130004,2,"o",1000,1,233,2012,"HBI","whole plot excluded during inventory status sorting"
130004,3,"s",1000,1,180,2012,"HBI","whole plot excluded during inventory status sorting"
130004,4,"w",1000,1,412,2012,"HBI","whole plot excluded during inventory status sorting"
130005,1,"n",1000,-1,-9,1970,"warning","whole plot excluded during inventory status sorting"
130005,2,"o",1000,-1,-9,1970,"warning","whole plot excluded during inventory status sorting"
130005,3,"s",1000,-1,-9,1970,"warning","whole plot excluded during inventory status sorting"
130005,4,"w",1000,-1,-9,1970,"warning","whole plot excluded during inventory status sorting"
130006,1,"n",1000,1,498,2012,"HBI","whole plot excluded during inventory status sorting"
130006,2,"o",1000,1,273,2012,"HBI","whole plot excluded during inventory status sorting"
130006,3,"s",1000,1,196,2012,"HBI","whole plot excluded during inventory status sorting"
130006,4,"w",1000,1,138,2012,"HBI","whole plot excluded during inventory status sorting"
130007,1,"n",1000,-1,-9,1970,"warning","whole plot excluded during inventory status sorting"
130007,2,"o",1000,-1,-9,1970,"warning","whole plot excluded during inventory status sorting"
130007,3,"s",1000,-1,-9,1970,"warning","whole plot excluded during inventory status sorting"
130007,4,"w",1000,-1,-9,1970,"warning","whole plot excluded during inventory status sorting"
130008,1,"n",1000,2,-9,2012,"HBI","whole plot excluded during inventory status sorting"
130008,2,"o",1000,2,-9,2012,"HBI","whole plot excluded during inventory status sorting"
130008,3,"s",1000,1,244,2012,"HBI","whole plot excluded during inventory status sorting"
130008,4,"w",1000,2,-9,2012,"HBI","whole plot excluded during inventory status sorting"
130009,1,"n",1000,1,120,2012,"HBI","whole plot excluded during inventory status sorting"
130009,2,"o",1000,2,-9,2012,"HBI","whole plot excluded during inventory status sorting"
130009,3,"s",1000,2,-9,2012,"HBI","whole plot excluded during inventory status sorting"
130009,4,"w",1000,2,-9,2012,"HBI","whole plot excluded during inventory status sorting"
130011,1,"n",1000,1,492,2012,"HBI","whole plot excluded during inventory status sorting"
130011,2,"o",1000,1,365,2012,"HBI","whole plot excluded during inventory status sorting"
130011,3,"s",1000,1,349,2012,"HBI","whole plot excluded during inventory status sorting"
130011,4,"w",1000,1,490,2012,"HBI","whole plot excluded during inventory status sorting"
130012,1,"n",1000,1,500,2012,"HBI","whole plot excluded during inventory status sorting"
130012,2,"o",1000,1,390,2012,"HBI","whole plot excluded during inventory status sorting"
130012,3,"s",1000,1,315,2012,"HBI","whole plot excluded during inventory status sorting"
130012,4,"w",1000,1,403,2012,"HBI","whole plot excluded during inventory status sorting"
130015,1,"n",1000,1,300,2012,"HBI","whole plot excluded during inventory status sorting"
130015,2,"o",1000,1,287,2012,"HBI","whole plot excluded during inventory status sorting"
130015,3,"s",1000,1,252,2012,"HBI","whole plot excluded during inventory status sorting"
130015,4,"w",1000,1,308,2012,"HBI","whole plot excluded during inventory status sorting"
130016,1,"n",1000,-1,-9,1970,"warning","whole plot excluded during inventory status sorting"
130016,2,"o",1000,-1,-9,1970,"warning","whole plot excluded during inventory status sorting"
130016,3,"s",1000,-1,-9,1970,"warning","whole plot excluded during inventory status sorting"
130016,4,"w",1000,-1,-9,1970,"warning","whole plot excluded during inventory status sorting"
130018,1,"n",1000,-1,-9,1970,"warning","whole plot excluded during inventory status sorting"
130018,2,"o",1000,-1,-9,1970,"warning","whole plot excluded during inventory status sorting"
130018,3,"s",1000,-1,-9,1970,"warning","whole plot excluded during inventory status sorting"
130018,4,"w",1000,-1,-9,1970,"warning","whole plot excluded during inventory status sorting"
130019,1,"n",1000,2,-9,2012,"HBI","whole plot excluded during inventory status sorting"
130019,2,"o",1000,1,86,2012,"HBI","whole plot excluded during inventory status sorting"
130019,3,"s",1000,1,85,2012,"HBI","whole plot excluded during inventory status sorting"
130019,4,"w",1000,2,-9,2012,"HBI","whole plot excluded during inventory status sorting"
130020,1,"n",1000,1,54,2012,"HBI","whole plot excluded during inventory status sorting"
130020,2,"o",1000,1,45,2012,"HBI","whole plot excluded during inventory status sorting"
130020,3,"s",1000,1,84,2012,"HBI","whole plot excluded during inventory status sorting"
130020,4,"w",1000,1,43,2012,"HBI","whole plot excluded during inventory status sorting"
130021,1,"n",1000,1,375,2012,"HBI","whole plot excluded during inventory status sorting"
130021,2,"o",1000,2,-9,2012,"HBI","whole plot excluded during inventory status sorting"
130021,3,"s",1000,2,-9,2012,"HBI","whole plot excluded during inventory status sorting"
130021,4,"w",1000,1,445,2012,"HBI","whole plot excluded during inventory status sorting"
130024,1,"n",1000,2,-9,2012,"HBI","whole plot excluded during inventory status sorting"
130024,2,"o",1000,2,-9,2012,"HBI","whole plot excluded during inventory status sorting"
130024,3,"s",1000,2,-9,2012,"HBI","whole plot excluded during inventory status sorting"
130024,4,"w",1000,1,155,2012,"HBI","whole plot excluded during inventory status sorting"
130025,1,"n",1000,2,-9,2012,"HBI","whole plot excluded during inventory status sorting"
130025,2,"o",1000,1,304,2012,"HBI","whole plot excluded during inventory status sorting"
130025,3,"s",1000,1,245,2012,"HBI","whole plot excluded during inventory status sorting"
130025,4,"w",1000,1,340,2012,"HBI","whole plot excluded during inventory status sorting"
130030,1,"n",1000,1,105,2012,"HBI","whole plot excluded during inventory status sorting"
130030,2,"o",1000,1,288,2012,"HBI","whole plot excluded during inventory status sorting"
130030,3,"s",1000,1,100,2012,"HBI","whole plot excluded during inventory status sorting"
130030,4,"w",1000,1,78,2012,"HBI","whole plot excluded during inventory status sorting"
130031,1,"n",1000,-1,-9,1970,"warning","whole plot excluded during inventory status sorting"
130031,2,"o",1000,-1,-9,1970,"warning","whole plot excluded during inventory status sorting"
130031,3,"s",1000,-1,-9,1970,"warning","whole plot excluded during inventory status sorting"
130031,4,"w",1000,-1,-9,1970,"warning","whole plot excluded during inventory status sorting"
130034,1,"n",1000,1,440,2012,"HBI","whole plot excluded during inventory status sorting"
130034,2,"o",1000,1,340,2012,"HBI","whole plot excluded during inventory status sorting"
130034,3,"s",1000,2,-9,2012,"HBI","whole plot excluded during inventory status sorting"
130034,4,"w",1000,1,348,2012,"HBI","whole plot excluded during inventory status sorting"
130035,1,"n",1000,1,210,2012,"HBI","whole plot excluded during inventory status sorting"
130035,2,"o",1000,1,255,2012,"HBI","whole plot excluded during inventory status sorting"
130035,3,"s",1000,1,487,2012,"HBI","whole plot excluded during inventory status sorting"
130035,4,"w",1000,1,345,2012,"HBI","whole plot excluded during inventory status sorting"
130038,1,"n",1000,-1,-9,1970,"warning","whole plot excluded during inventory status sorting"
130038,2,"o",1000,-1,-9,1970,"warning","whole plot excluded during inventory status sorting"
130038,3,"s",1000,-1,-9,1970,"warning","whole plot excluded during inventory status sorting"
130038,4,"w",1000,-1,-9,1970,"warning","whole plot excluded during inventory status sorting"
130040,1,"n",1000,1,248,2012,"HBI","whole plot excluded during inventory status sorting"
130040,2,"o",1000,1,443,2012,"HBI","whole plot excluded during inventory status sorting"
130040,3,"s",1000,1,495,2012,"HBI","whole plot excluded during inventory status sorting"
130040,4,"w",1000,1,485,2012,"HBI","whole plot excluded during inventory status sorting"
130041,1,"n",1000,1,321,2012,"HBI","whole plot excluded during inventory status sorting"
130041,2,"o",1000,1,280,2012,"HBI","whole plot excluded during inventory status sorting"
130041,3,"s",1000,1,151,2012,"HBI","whole plot excluded during inventory status sorting"
130041,4,"w",1000,1,155,2012,"HBI","whole plot excluded during inventory status sorting"
130043,1,"n",1000,1,260,2012,"HBI","whole plot excluded during inventory status sorting"
130043,2,"o",1000,1,183,2012,"HBI","whole plot excluded during inventory status sorting"
130043,3,"s",1000,1,144,2012,"HBI","whole plot excluded during inventory status sorting"
130043,4,"w",1000,1,145,2012,"HBI","whole plot excluded during inventory status sorting"
130045,1,"n",1000,-1,-9,1970,"warning","whole plot excluded during inventory status sorting"
130045,2,"o",1000,-1,-9,1970,"warning","whole plot excluded during inventory status sorting"
130045,3,"s",1000,-1,-9,1970,"warning","whole plot excluded during inventory status sorting"
130045,4,"w",1000,-1,-9,1970,"warning","whole plot excluded during inventory status sorting"
130049,1,"n",1000,1,375,2012,"HBI","whole plot excluded during inventory status sorting"
130049,2,"o",1000,1,341,2012,"HBI","whole plot excluded during inventory status sorting"
130049,3,"s",1000,1,455,2012,"HBI","whole plot excluded during inventory status sorting"
130049,4,"w",1000,1,368,2012,"HBI","whole plot excluded during inventory status sorting"
130053,1,"n",1000,1,132,2012,"HBI","whole plot excluded during inventory status sorting"
130053,2,"o",1000,2,-9,2012,"HBI","whole plot excluded during inventory status sorting"
130053,3,"s",1000,1,193,2012,"HBI","whole plot excluded during inventory status sorting"
130053,4,"w",1000,1,82,2012,"HBI","whole plot excluded during inventory status sorting"
130054,1,"n",1000,1,490,2012,"HBI","whole plot excluded during inventory status sorting"
130054,2,"o",1000,1,225,2012,"HBI","whole plot excluded during inventory status sorting"
130054,3,"s",1000,1,480,2012,"HBI","whole plot excluded during inventory status sorting"
130054,4,"w",1000,2,-9,2012,"HBI","whole plot excluded during inventory status sorting"
130055,1,"n",1000,1,220,2012,"HBI","whole plot excluded during inventory status sorting"
130055,2,"o",1000,2,-9,2012,"HBI","whole plot excluded during inventory status sorting"
130055,3,"s",1000,1,390,2012,"HBI","whole plot excluded during inventory status sorting"
130055,4,"w",1000,1,485,2012,"HBI","whole plot excluded during inventory status sorting"
130058,1,"n",1000,1,433,2012,"HBI","whole plot excluded during inventory status sorting"
130058,2,"o",1000,1,397,2012,"HBI","whole plot excluded during inventory status sorting"
130058,3,"s",1000,1,466,2012,"HBI","whole plot excluded during inventory status sorting"
130058,4,"w",1000,1,457,2012,"HBI","whole plot excluded during inventory status sorting"
130062,1,"n",1000,-1,-9,1970,"warning","whole plot excluded during inventory status sorting"
130062,2,"o",1000,-1,-9,1970,"warning","whole plot excluded during inventory status sorting"
130062,3,"s",1000,-1,-9,1970,"warning","whole plot excluded during inventory status sorting"
130062,4,"w",1000,-1,-9,1970,"warning","whole plot excluded during inventory status sorting"
130063,1,"n",1000,1,470,2012,"HBI","whole plot excluded during inventory status sorting"
130063,2,"o",1000,1,489,2012,"HBI","whole plot excluded during inventory status sorting"
130063,3,"s",1000,1,437,2012,"HBI","whole plot excluded during inventory status sorting"
130063,4,"w",1000,1,460,2012,"HBI","whole plot excluded during inventory status sorting"
130065,1,"n",1000,-1,-9,1970,"warning","whole plot excluded during inventory status sorting"
130065,2,"o",1000,-1,-9,1970,"warning","whole plot excluded during inventory status sorting"
130065,3,"s",1000,-1,-9,1970,"warning","whole plot excluded during inventory status sorting"
130065,4,"w",1000,-1,-9,1970,"warning","whole plot excluded during inventory status sorting"
130066,1,"n",1000,-1,-9,1970,"warning","whole plot excluded during inventory status sorting"
130066,2,"o",1000,-1,-9,1970,"warning","whole plot excluded during inventory status sorting"
130066,3,"s",1000,-1,-9,1970,"warning","whole plot excluded during inventory status sorting"
130066,4,"w",1000,-1,-9,1970,"warning","whole plot excluded during inventory status sorting"
130085,1,"n",1000,-1,-9,1970,"warning","whole plot excluded during inventory status sorting"
130085,2,"o",1000,-1,-9,1970,"warning","whole plot excluded during inventory status sorting"
130085,3,"s",1000,-1,-9,1970,"warning","whole plot excluded during inventory status sorting"
130085,4,"w",1000,-1,-9,1970,"warning","whole plot excluded during inventory status sorting"
130086,1,"n",1000,-1,-9,1970,"warning","whole plot excluded during inventory status sorting"
130086,2,"o",1000,-1,-9,1970,"warning","whole plot excluded during inventory status sorting"
130086,3,"s",1000,-1,-9,1970,"warning","whole plot excluded during inventory status sorting"
130086,4,"w",1000,-1,-9,1970,"warning","whole plot excluded during inventory status sorting"
130087,1,"n",1000,-1,-9,1970,"warning","whole plot excluded during inventory status sorting"
130087,2,"o",1000,-1,-9,1970,"warning","whole plot excluded during inventory status sorting"
130087,3,"s",1000,-1,-9,1970,"warning","whole plot excluded during inventory status sorting"
130087,4,"w",1000,-1,-9,1970,"warning","whole plot excluded during inventory status sorting"
20001,1,"n",1000,-1,-9,1970,"warning","RG circle excluded during inventory status sorting"
20001,2,"o",1000,-1,-9,1970,"warning","RG circle excluded during inventory status sorting"
20001,3,"s",1000,-1,-9,1970,"warning","RG circle excluded during inventory status sorting"
20001,4,"w",1000,-1,-9,1970,"warning","RG circle excluded during inventory status sorting"
20002,1,"n",1000,-1,-9,1970,"warning","RG circle excluded during inventory status sorting"
20002,2,"o",1000,-1,-9,1970,"warning","RG circle excluded during inventory status sorting"
20002,3,"s",1000,-1,-9,1970,"warning","RG circle excluded during inventory status sorting"
20002,4,"w",1000,-1,-9,1970,"warning","RG circle excluded during inventory status sorting"
70124,1,"n",1000,3,-9,2012,"HBI","RG circle excluded during inventory status sorting"
80277,1,"n",1000,-1,-9,1970,"warning","RG circle excluded during inventory status sorting"
80277,2,"o",1000,-1,-9,1970,"warning","RG circle excluded during inventory status sorting"
80277,3,"s",1000,-1,-9,1970,"warning","RG circle excluded during inventory status sorting"
80277,4,"w",1000,-1,-9,1970,"warning","RG circle excluded during inventory status sorting"
80300,1,"n",1000,-1,-9,1970,"warning","RG circle excluded during inventory status sorting"
80300,2,"o",1000,-1,-9,1970,"warning","RG circle excluded during inventory status sorting"
80300,3,"s",1000,-1,-9,1970,"warning","RG circle excluded during inventory status sorting"
80300,4,"w",1000,-1,-9,1970,"warning","RG circle excluded during inventory status sorting"
100011,2,"o",1000,-2,500,2011,"HBI","RG circle excluded during inventory status sorting"
100018,1,"n",1000,-2,500,2011,"HBI","RG circle excluded during inventory status sorting"
100018,3,"s",1000,-2,500,2011,"HBI","RG circle excluded during inventory status sorting"
100020,1,"n",1000,3,500,2011,"HBI","RG circle excluded during inventory status sorting"
100020,2,"o",1000,3,500,2011,"HBI","RG circle excluded during inventory status sorting"
100020,4,"w",1000,3,500,2011,"HBI","RG circle excluded during inventory status sorting"
100025,3,"s",1000,-2,500,2011,"HBI","RG circle excluded during inventory status sorting"
100040,2,"o",1000,3,500,2011,"HBI","RG circle excluded during inventory status sorting"
100064,4,"w",1000,3,500,2011,"HBI","RG circle excluded during inventory status sorting"
100080,2,"o",1000,-2,500,2011,"HBI","RG circle excluded during inventory status sorting"
100080,3,"s",1000,-2,500,2011,"HBI","RG circle excluded during inventory status sorting"
120005,1,"n",1000,-1,-9,1970,"warning","RG circle excluded during inventory status sorting"
120005,2,"o",1000,-1,-9,1970,"warning","RG circle excluded during inventory status sorting"
120005,3,"s",1000,-1,-9,1970,"warning","RG circle excluded during inventory status sorting"
120005,4,"w",1000,-1,-9,1970,"warning","RG circle excluded during inventory status sorting"
120018,1,"n",1000,-1,-9,1970,"warning","RG circle excluded during inventory status sorting"
120018,2,"o",1000,-1,-9,1970,"warning","RG circle excluded during inventory status sorting"
120018,3,"s",1000,-1,-9,1970,"warning","RG circle excluded during inventory status sorting"
120018,4,"w",1000,-1,-9,1970,"warning","RG circle excluded during inventory status sorting"
120048,1,"n",1000,-1,-9,1970,"warning","RG circle excluded during inventory status sorting"
120048,2,"o",1000,-1,-9,1970,"warning","RG circle excluded during inventory status sorting"
120048,3,"s",1000,-1,-9,1970,"warning","RG circle excluded during inventory status sorting"
120048,4,"w",1000,-1,-9,1970,"warning","RG circle excluded during inventory status sorting"
120050,1,"n",1000,-1,-9,1970,"warning","RG circle excluded during inventory status sorting"
120050,2,"o",1000,-1,-9,1970,"warning","RG circle excluded during inventory status sorting"
120050,3,"s",1000,-1,-9,1970,"warning","RG circle excluded during inventory status sorting"
120050,4,"w",1000,-1,-9,1970,"warning","RG circle excluded during inventory status sorting"
120051,1,"n",1000,-1,-9,1970,"warning","RG circle excluded during inventory status sorting"
120051,2,"o",1000,-1,-9,1970,"warning","RG circle excluded during inventory status sorting"
120051,3,"s",1000,-1,-9,1970,"warning","RG circle excluded during inventory status sorting"
120051,4,"w",1000,-1,-9,1970,"warning","RG circle excluded during inventory status sorting"
120078,1,"n",1000,-1,-9,1970,"warning","RG circle excluded during inventory status sorting"
120078,2,"o",1000,-1,-9,1970,"warning","RG circle excluded during inventory status sorting"
120078,3,"s",1000,-1,-9,1970,"warning","RG circle excluded during inventory status sorting"
120078,4,"w",1000,-1,-9,1970,"warning","RG circle excluded during inventory status sorting"
120080,1,"n",1000,-1,-9,1970,"warning","RG circle excluded during inventory status sorting"
120080,2,"o",1000,-1,-9,1970,"warning","RG circle excluded during inventory status sorting"
120080,3,"s",1000,-1,-9,1970,"warning","RG circle excluded during inventory status sorting"
120080,4,"w",1000,-1,-9,1970,"warning","RG circle excluded during inventory status sorting"
140011,1,"n",1000,3,-9,1970,"warning","RG circle excluded during inventory status sorting"
140011,2,"o",1000,3,-9,1970,"warning","RG circle excluded during inventory status sorting"
140011,3,"s",1000,3,-9,1970,"warning","RG circle excluded during inventory status sorting"
140011,4,"w",1000,3,-9,1970,"warning","RG circle excluded during inventory status sorting"
160080,1,"n",1000,3,-9,1970,"warning","RG circle excluded during inventory status sorting"
160080,2,"o",1000,3,-9,1970,"warning","RG circle excluded during inventory status sorting"
160080,3,"s",1000,3,-9,1970,"warning","RG circle excluded during inventory status sorting"
160080,4,"w",1000,3,-9,1970,"warning","RG circle excluded during inventory status sorting"
